2 0.58375 0.34125 0.5775 0.33999999999999997 0.5743750000000001 0.34125 0.576875 0.34625 0.58 0.34562499999999996 0.58375 0.34125
2 0.514375 0.34500000000000003 0.51625 0.34625 0.515 0.351875 0.520625 0.35562499999999997 0.541875 0.35375 0.5549999999999999 0.35562499999999997 0.5599999999999999 0.35812499999999997 0.56375 0.35625 0.5662499999999999 0.35812499999999997 0.5662499999999999 0.37 0.56375 0.3725 0.5599999999999999 0.369375 0.553125 0.369375 0.545625 0.36625 0.535625 0.366875 0.530625 0.37687499999999996 0.5275000000000001 0.37687499999999996 0.52625 0.371875 0.521875 0.36875 0.514375 0.37 0.504375 0.375625 0.5 0.39249999999999996 0.501875 0.4 0.516875 0.41312499999999996 0.525 0.41375 0.533125 0.425 0.5393749999999999 0.425 0.5443749999999999 0.415625 0.545625 0.40812499999999996 0.5425 0.4025 0.5425 0.396875 0.55 0.395 0.5525 0.38625 0.556875 0.381875 0.556875 0.388125 0.5625 0.38937499999999997 0.56375 0.385625 0.566875 0.384375 0.565625 0.381875 0.56875 0.381875 0.5706249999999999 0.378125 0.5706249999999999 0.36875 0.56875 0.365625 0.5756249999999999 0.35812499999999997 0.566875 0.351875 0.56875 0.336875 0.576875 0.32 0.58375 0.313125 0.58375 0.305 0.591875 0.27875 0.598125 0.27625 0.6018749999999999 0.2725 0.6025 0.26875 0.6 0.265 0.59375 0.26437499999999997 0.590625 0.26749999999999996 0.5775 0.27 0.5725 0.26625 0.569375 0.26625 0.5575 0.256875 0.53125 0.254375 0.5193749999999999 0.260625 0.514375 0.28375 0.51625 0.3175 0.514375 0.320625 0.5131249999999999 0.335 0.514375 0.34500000000000003
2 0.4575 0.631875 0.45499999999999996 0.629375 0.45187499999999997 0.629375 0.45187499999999997 0.64 0.4575 0.63625 0.4575 0.631875
2 0.45625 0.608125 0.458125 0.605 0.45625 0.60375 0.45625 0.608125
2 0.45625 0.5974999999999999 0.45562500000000006 0.599375 0.458125 0.6 0.45875000000000005 0.598125 0.45625 0.5974999999999999
2 0.396875 0.618125 0.40812499999999996 0.619375 0.410625 0.615625 0.418125 0.615625 0.415625 0.61 0.415625 0.605 0.418125 0.603125 0.416875 0.5974999999999999 0.4125 0.5974999999999999 0.4 0.6075 0.39125 0.6075 0.38937499999999997 0.6068749999999999 0.379375 0.58 0.38 0.585 0.375625 0.588125 0.375 0.604375 0.379375 0.6125 0.39375 0.62 0.396875 0.618125
2 0.6575 0.5587500000000001 0.654375 0.560625 0.6575 0.5625 0.660625 0.560625 0.6575 0.5587500000000001
2 0.675 0.564375 0.6725 0.5575 0.670625 0.5575 0.66625 0.560625 0.670625 0.56375 0.673125 0.560625 0.675 0.564375
2 0.676875 0.555625 0.676875 0.558125 0.6837500000000001 0.5575 0.681875 0.555625 0.676875 0.555625
2 0.655 0.5425 0.6475 0.5425 0.6525000000000001 0.55 0.66125 0.5506249999999999 0.66125 0.54785714375 0.65625 0.545 0.655 0.5425
2 0.59140625 0.53984375 0.00078125 0.00078125
2 0.635 0.535625 0.639375 0.535625 0.63625 0.533125 0.635 0.535625
2 0.5803125 0.5375 0.58125 0.534375 0.57625 0.533125 0.576875 0.5375 0.5803125 0.5375
2 0.58125 0.534375 0.58375 0.5375 0.5862499999999999 0.535625 0.58125 0.534375
2 0.6075 0.524375 0.6125 0.533125 0.6125 0.524375 0.6075 0.524375
2 0.59453125 0.521875 0.00546875 0.00078125
2 0.40062499999999995 0.275625 0.39875 0.27875 0.40125 0.280625 0.403125 0.27749999999999997 0.40062499999999995 0.275625
2 0.34875 0.281875 0.34875 0.27625 0.34625 0.273125 0.348125 0.270625 0.346875 0.27125 0.33999999999999997 0.27875 0.344375 0.284375 0.348125 0.284375 0.34875 0.281875
2 0.348125 0.259375 0.350625 0.2575 0.346875 0.256875 0.348125 0.259375
2 0.348125 0.2425 0.348125 0.250625 0.34875 0.24375 0.348125 0.2425
2 0.35812499999999997 0.258125 0.36375 0.265 0.36124999999999996 0.27125 0.3625 0.275625 0.3675 0.275625 0.37 0.27875 0.371875 0.28625 0.3675 0.289375 0.36625 0.3 0.37 0.3025 0.3675 0.3075 0.37374999999999997 0.309375 0.38 0.306875 0.380625 0.303125 0.385625 0.299375 0.38687499999999997 0.29562499999999997 0.384375 0.2925 0.384375 0.2875 0.395 0.27875 0.39375 0.275 0.39125 0.27375 0.39125 0.265 0.393125 0.256875 0.39625 0.253125 0.39625 0.2475 0.39375 0.241875 0.39125 0.240625 0.39375 0.2325 0.39125 0.231875 0.390625 0.22875 0.39875 0.22749999999999998 0.395 0.22625 0.38937499999999997 0.228125 0.38687499999999997 0.22625 0.39 0.22999999999999998 0.3825 0.23562500000000003 0.381875 0.246875 0.378125 0.246875 0.3725 0.238125 0.37 0.23937499999999998 0.371875 0.246875 0.368125 0.24937499999999999 0.365 0.248125 0.3625 0.24312499999999998 0.35812499999999997 0.241875 0.35812499999999997 0.244375 0.353125 0.25 0.353125 0.256875 0.35812499999999997 0.258125
2 0.37124999999999997 0.531875 0.371875 0.534375 0.37 0.535625 0.3725 0.545 0.379375 0.5425 0.384375 0.5443749999999999 0.38687499999999997 0.54125 0.39125 0.545 0.39125 0.558125 0.385 0.566875 0.384375 0.5725 0.3825 0.57375 0.383125 0.5775 0.39375 0.57875 0.396875 0.57375 0.40437500000000004 0.5743750000000001 0.406875 0.571875 0.42625 0.57125 0.429375 0.57375 0.426875 0.5818749999999999 0.421875 0.58375 0.41937499999999994 0.59375 0.42437500000000006 0.591875 0.43499999999999994 0.591875 0.436875 0.5875 0.44875 0.576875 0.45875000000000005 0.5900000000000001 0.46312499999999995 0.589375 0.46375 0.591875 0.46749999999999997 0.59375 0.46624999999999994 0.598125 0.46875 0.6 0.478125 0.598125 0.47874999999999995 0.591875 0.48562500000000003 0.594375 0.489375 0.6 0.4875 0.605 0.49343750000000003 0.6 0.50125 0.5974999999999999 0.504375 0.58875 0.50625 0.569375 0.5081249999999999 0.566875 0.515625 0.565625 0.52125 0.56875 0.529375 0.5675 0.533125 0.57125 0.5425 0.57375 0.568125 0.576875 0.579375 0.58375 0.5925 0.586875 0.6056250000000001 0.593125 0.6125 0.59375 0.6224999999999999 0.6 0.639375 0.6 0.64125 0.598125 0.64375 0.58375 0.63625 0.579375 0.625625 0.57875 0.6224999999999999 0.571875 0.62 0.57125 0.62 0.566875 0.615 0.56375 0.615 0.560625 0.6125 0.558125 0.608125 0.5599999999999999 0.6 0.5506249999999999 0.600625 0.548125 0.605 0.54875 0.6075 0.546875 0.605 0.5425 0.605 0.49749999999999994 0.6075 0.495 0.618125 0.5 0.630625 0.49749999999999994 0.63875 0.50125 0.6425 0.50875 0.646875 0.509375 0.658125 0.51625 0.66875 0.515625 0.671875 0.51125 0.671875 0.50625 0.6675 0.501875 0.6537499999999999 0.495 0.64 0.49375 0.628125 0.48687500000000006 0.620625 0.48624999999999996 0.6075 0.480625 0.6018749999999999 0.47625 0.59375 0.47562499999999996 0.591875 0.473125 0.57875 0.469375 0.5725 0.469375 0.57125 0.465625 0.56375 0.465625 0.553125 0.456875 0.5575 0.448125 0.56375 0.441875 0.568125 0.4425 0.569375 0.45375 0.57125 0.45375 0.571875 0.44749999999999995 0.56875 0.44625000000000004 0.56875 0.44312500000000005 0.57125 0.441875 0.566875 0.429375 0.566875 0.42125 0.5706249999999999 0.418125 0.571875 0.409375 0.57625 0.4025 0.57875 0.39125 0.58375 0.384375 0.58375 0.378125 0.57875 0.375625 0.5862499999999999 0.369375 0.58375 0.36625 0.58375 0.35812499999999997 0.591875 0.35812499999999997 0.589375 0.35562499999999997 0.591875 0.35375 0.589375 0.35375 0.58875 0.35125 0.5974999999999999 0.34500000000000003 0.600625 0.33187500000000003 0.605 0.32687499999999997 0.605 0.32375 0.6125 0.31 0.615 0.29125 0.62 0.28125 0.6224999999999999 0.26875 0.6131249999999999 0.260625 0.6068749999999999 0.258125 0.605 0.259375 0.605 0.255 0.603125 0.2575 0.605 0.26187499999999997 0.6025 0.26437499999999997 0.5962500000000001 0.26187499999999997 0.595 0.25375000000000003 0.5974999999999999 0.25187499999999996 0.595 0.24874999999999997 0.589375 0.25187499999999996 0.576875 0.24562499999999998 0.545625 0.244375 0.533125 0.238125 0.5325 0.234375 0.51375 0.23562500000000003 0.495625 0.23125 0.495 0.22625 0.4875 0.221875 0.48312499999999997 0.22374999999999998 0.480625 0.22000000000000003 0.476875 0.22000000000000003 0.47562499999999996 0.224375 0.4725 0.22625 0.45062499999999994 0.22562500000000002 0.446875 0.22749999999999998 0.446875 0.23625 0.45187499999999997 0.240625 0.4525 0.24500000000000002 0.449375 0.248125 0.43937499999999996 0.24562499999999998 0.436875 0.253125 0.4375 0.263125 0.425 0.27125 0.425 0.275625 0.4325 0.27999999999999997 0.43624999999999997 0.285625 0.4325 0.288125 0.43 0.29312499999999997 0.42062499999999997 0.29562499999999997 0.42062499999999997 0.30375 0.416875 0.306875 0.415625 0.3125 0.410625 0.316875 0.410625 0.3275 0.414375 0.3325 0.4175 0.33125 0.41875 0.335625 0.4175 0.338125 0.41375 0.3375 0.409375 0.344375 0.414375 0.346875 0.41624999999999995 0.35562499999999997 0.43062500000000004 0.35375 0.43375 0.356875 0.4325 0.366875 0.426875 0.36875 0.425 0.365 0.415625 0.368125 0.414375 0.36625 0.415625 0.36875 0.410625 0.369375 0.40812499999999996 0.3725 0.40625 0.38625 0.39875 0.40374999999999994 0.3975 0.418125 0.39375 0.42062499999999997 0.39375 0.42437500000000006 0.38937499999999997 0.42750000000000005 0.38937499999999997 0.43187499999999995 0.383125 0.44312500000000005 0.381875 0.4525 0.375 0.46375 0.375 0.468125 0.3725 0.47062499999999996 0.36875 0.484375 0.365 0.49000000000000005 0.364375 0.49625 0.3625 0.49749999999999994 0.36124999999999996 0.50625 0.35812499999999997 0.51125 0.35625 0.521875 0.3625 0.5349999999999999 0.3675 0.53125 0.37124999999999997 0.531875
2 0.36875 0.21875 0.366875 0.22125 0.365 0.21875 0.364375 0.22000000000000003 0.369375 0.22374999999999998 0.371875 0.22125 0.36875 0.21875
2 0.690625 0.5525 0.68875 0.556875 0.6950000000000001 0.5575 0.69375 0.5525 0.690625 0.5525
2 0.605 0.410625 0.605 0.414375 0.6068749999999999 0.410625 0.605 0.410625
2 0.73 0.398125 0.72875 0.40125 0.73375 0.405625 0.734375 0.40062499999999995 0.73 0.398125
2 0.7025 0.3975 0.704375 0.38937499999999997 0.701875 0.388125 0.7025 0.3975
2 0.64625 0.49124999999999996 0.654375 0.4925 0.6575 0.495 0.6675 0.495 0.675 0.506875 0.675 0.5131249999999999 0.670625 0.520625 0.6675 0.5237499999999999 0.6575 0.52125 0.65625 0.525625 0.6681250000000001 0.5349999999999999 0.6756249999999999 0.5375 0.678125 0.540625 0.683125 0.540625 0.693125 0.545 0.69375 0.5475 0.69875 0.5506249999999999 0.7056250000000001 0.5387500000000001 0.7125 0.540625 0.7162499999999999 0.5393749999999999 0.71875 0.535625 0.720625 0.526875 0.716875 0.521875 0.716875 0.510625 0.719375 0.50625 0.723125 0.51125 0.7275 0.51125 0.733125 0.50125 0.733125 0.49375 0.7275 0.4875 0.728125 0.479375 0.733125 0.473125 0.744375 0.473125 0.7474999999999999 0.458125 0.7424999999999999 0.45187499999999997 0.743125 0.44125 0.748125 0.43375 0.75125 0.43937499999999996 0.755 0.43937499999999996 0.759375 0.4325 0.759375 0.425 0.754375 0.425 0.749375 0.416875 0.743125 0.41312499999999996 0.73875 0.41312499999999996 0.734375 0.40875000000000006 0.7224999999999999 0.40812499999999996 0.72 0.40374999999999994 0.723125 0.40125 0.723125 0.39625 0.713125 0.39125 0.708125 0.390625 0.70625 0.40125 0.6993750000000001 0.40125 0.69625 0.39875 0.68875 0.3975 0.68625 0.39249999999999996 0.68875 0.39 0.68875 0.379375 0.6825 0.3775 0.680625 0.383125 0.6849999999999999 0.39437500000000003 0.6725 0.39375 0.67 0.395625 0.658125 0.39625 0.655625 0.4025 0.649375 0.40875000000000006 0.6443749999999999 0.41937499999999994 0.6443749999999999 0.42874999999999996 0.641875 0.43062500000000004 0.64125 0.440625 0.631875 0.45375 0.63 0.46125 0.628125 0.471875 0.629375 0.48250000000000004 0.6381249999999999 0.485 0.64625 0.49124999999999996
2 0.69375 0.6025 0.6956249999999999 0.603125 0.694375 0.59875 0.69375 0.6025
2 0.5081249999999999 0.560625 0.505 0.5625 0.504375 0.5662499999999999 0.51125 0.565625 0.51125 0.5625 0.5081249999999999 0.560625
2 0.490625 0.54875 0.49000000000000005 0.5506249999999999 0.4925 0.5506249999999999 0.4925 0.54875 0.490625 0.54875
2 0.515 0.5275000000000001 0.516875 0.53 0.515 0.5325 0.5175 0.529375 0.515 0.5275000000000001
2 0.538125 0.52625 0.5375 0.529375 0.540625 0.529375 0.540625 0.526875 0.538125 0.52625
2 0.53125 0.524375 0.5325 0.52625 0.5375 0.5225 0.5325 0.516875 0.530625 0.5181250000000001 0.5325 0.5225 0.5287499999999999 0.525 0.529375 0.526875 0.53125 0.524375
2 0.5275000000000001 0.514375 0.529375 0.51625 0.5287499999999999 0.51375 0.5275000000000001 0.514375
2 0.51625 0.504375 0.514375 0.5 0.51125 0.503125 0.515 0.504375 0.51125 0.5081249999999999 0.51625 0.504375
2 0.5349999999999999 0.49749999999999994 0.540625 0.50125 0.545625 0.50125 0.545625 0.49375 0.5425 0.49124999999999996 0.5425 0.48875 0.54 0.4925 0.5275000000000001 0.4925 0.525625 0.49000000000000005 0.524375 0.49437499999999995 0.5275000000000001 0.500625 0.529375 0.50125 0.5349999999999999 0.49749999999999994
2 0.4875 0.441875 0.4875 0.4325 0.47874999999999995 0.43187499999999995 0.47625 0.43375 0.4725 0.43187499999999995 0.469375 0.434375 0.46749999999999997 0.43062500000000004 0.46312499999999995 0.42874999999999996 0.458125 0.42874999999999996 0.4525 0.43187499999999995 0.4525 0.4375 0.47062499999999996 0.44437499999999996 0.48375 0.445625 0.4875 0.441875
2 0.7537499999999999 0.42750000000000005 0.754375 0.4375 0.75875 0.4325 0.759375 0.42750000000000005 0.7537499999999999 0.42750000000000005
2 0.558125 0.385 0.561875 0.3825 0.56375 0.37687499999999996 0.5625 0.3725 0.566875 0.36875 0.57125 0.3725 0.56875 0.37 0.571875 0.36875 0.57375 0.36375 0.571875 0.354375 0.56875 0.354375 0.5587500000000001 0.36625 0.5599999999999999 0.37687499999999996 0.5525 0.38625 0.556875 0.38937499999999997 0.558125 0.385
2 0.58375 0.34375 0.5862499999999999 0.343125 0.584375 0.340625 0.58375 0.34375
2 0.57125 0.33999999999999997 0.56875 0.34125 0.569375 0.343125 0.57375 0.34125 0.57125 0.33999999999999997
2 0.5862499999999999 0.318125 0.584375 0.315625 0.579375 0.316875 0.57375 0.3225 0.5725 0.32437499999999997 0.576875 0.330625 0.5862499999999999 0.32687499999999997 0.5862499999999999 0.318125
2 0.5325 0.47562499999999996 0.5375 0.47625 0.545625 0.48187499999999994 0.545625 0.4875 0.5475 0.489375 0.556875 0.49124999999999996 0.5587500000000001 0.495 0.558125 0.499375 0.551875 0.503125 0.54875 0.50125 0.54875 0.504375 0.556875 0.504375 0.5575 0.50625 0.561875 0.50625 0.58125 0.514375 0.58375 0.5193749999999999 0.59375 0.5237499999999999 0.6025 0.524375 0.605 0.529375 0.6125 0.53125 0.6125 0.54125 0.600625 0.545625 0.595 0.5443749999999999 0.591875 0.5375 0.585 0.5375 0.578125 0.5325 0.573125 0.5337500000000001 0.5675 0.53125 0.546875 0.5325 0.5425 0.535625 0.5431250000000001 0.54 0.54125 0.540625 0.5375 0.536875 0.5375 0.53125 0.5337500000000001 0.531875 0.530625 0.54 0.5275000000000001 0.5425 0.529375 0.545625 0.51875 0.5599999999999999 0.5175 0.565625 0.515 0.56875 0.51 0.569375 0.509375 0.583125 0.504375 0.59375 0.5037499999999999 0.60375 0.50125 0.6068749999999999 0.499375 0.605 0.49000000000000005 0.605 0.48687500000000006 0.60875 0.48312499999999997 0.618125 0.48312499999999997 0.625 0.479375 0.63125 0.480625 0.64 0.476875 0.64625 0.480625 0.650625 0.480625 0.6537499999999999 0.473125 0.6599999999999999 0.47062499999999996 0.6599999999999999 0.46749999999999997 0.665 0.45999999999999996 0.670625 0.460625 0.676875 0.45625 0.680625 0.458125 0.6799999999999999 0.46125 0.6837500000000001 0.45625 0.685625 0.4575 0.68875 0.45999999999999996 0.689375 0.4625 0.681875 0.46749999999999997 0.681875 0.47562499999999996 0.691875 0.47375 0.6956249999999999 0.469375 0.6956249999999999 0.48 0.69625 0.480625 0.7025 0.489375 0.70375 0.488125 0.69875 0.49000000000000005 0.696875 0.49625 0.696875 0.509375 0.708125 0.514375 0.70875 0.52125 0.71375 0.525625 0.71875 0.524375 0.735 0.5325 0.74 0.5325 0.744375 0.54625 0.745625 0.548125 0.748125 0.545625 0.75125 0.558125 0.751875 0.5587500000000001 0.755 0.57125 0.754375 0.576875 0.759375 0.58375 0.759375 0.58875 0.75625 0.591875 0.75875 0.599375 0.76 0.605 0.771875 0.62 0.771875 0.625 0.765 0.625 0.760625 0.629375 0.75625 0.63 0.75125 0.634375 0.748125 0.631875 0.7418750000000001 0.635 0.73 0.634375 0.719375 0.64125 0.714375 0.64375 0.70875 0.6425 0.70625 0.646875 0.70625 0.64625 0.6975 0.649375 0.686875 0.654375 0.681875 0.660625 0.6675 0.6625 0.6431250000000001 0.6675 0.6443749999999999 0.670625 0.641875 0.6793750000000001 0.6425 0.681875 0.64125 0.6849999999999999 0.634375 0.683125 0.629375 0.6775 0.6287499999999999 0.6775 0.60875 0.6849999999999999 0.605 0.691875 0.605 0.6912499999999999 0.589375 0.701875 0.5818749999999999 0.71 0.5706249999999999 0.7112499999999999 0.5625 0.70875 0.5587500000000001 0.70375 0.556875 0.70375 0.548125 0.7125 0.536875 0.716875 0.5393749999999999 0.71875 0.533125 0.7224999999999999 0.529375 0.71875 0.521875 0.7150000000000001 0.5193749999999999 0.716875 0.5175 0.713125 0.515625 0.719375 0.50625 0.7268749999999999 0.50875 0.735 0.499375 0.734375 0.49375 0.725625 0.495 0.723125 0.489375 0.725625 0.480625 0.735 0.46624999999999994 0.735 0.45625 0.733125 0.45375 0.725625 0.45187499999999997 0.725 0.441875 0.723125 0.44000000000000006 0.715625 0.43937499999999996 0.7150000000000001 0.43624999999999997 0.719375 0.429375 0.723125 0.4325 0.72875 0.426875 0.73125 0.426875 0.733125 0.43499999999999994 0.7375 0.43624999999999997 0.740625 0.44000000000000006 0.75 0.429375 0.75125 0.41875 0.7424999999999999 0.40374999999999994 0.735625 0.4025 0.73 0.39875 0.7268749999999999 0.40125 0.72 0.395625 0.7150000000000001 0.396875 0.713125 0.39375 0.71 0.395625 0.708125 0.38687499999999997 0.7025 0.3825 0.6975 0.384375 0.69625 0.39 0.691875 0.38937499999999997 0.6912499999999999 0.39125 0.685625 0.38937499999999997 0.685625 0.38687499999999997 0.691875 0.379375 0.69375 0.3725 0.689375 0.3725 0.6849999999999999 0.369375 0.6799999999999999 0.3625 0.681875 0.359375 0.6775 0.35812499999999997 0.675 0.354375 0.67125 0.35812499999999997 0.6625 0.35125 0.6575 0.35562499999999997 0.654375 0.34125 0.65125 0.343125 0.64625 0.340625 0.63875 0.34249999999999997 0.634375 0.334375 0.63625 0.33125 0.63375 0.32375 0.634375 0.318125 0.639375 0.316875 0.64 0.31124999999999997 0.639375 0.30874999999999997 0.63625 0.309375 0.631875 0.304375 0.635 0.3 0.63375 0.291875 0.62625 0.29125 0.618125 0.29562499999999997 0.615 0.31625000000000003 0.61875 0.316875 0.62 0.32 0.615625 0.3225 0.6131249999999999 0.32687499999999997 0.6131249999999999 0.335625 0.615 0.33875 0.61 0.34125 0.598125 0.34125 0.59375 0.344375 0.596875 0.348125 0.595625 0.35750000000000004 0.59375 0.359375 0.5912499999999999 0.35625 0.589375 0.35875 0.595625 0.36124999999999996 0.59375 0.36625 0.589375 0.36375 0.5900000000000001 0.37 0.59375 0.3725 0.586875 0.379375 0.58375 0.39249999999999996 0.576875 0.39375 0.569375 0.41125 0.571875 0.425 0.576875 0.42750000000000005 0.57875 0.433125 0.576875 0.43375 0.576875 0.436875 0.579375 0.438125 0.57625 0.440625 0.57625 0.4575 0.566875 0.460625 0.56875 0.45625 0.56375 0.449375 0.5575 0.45625 0.553125 0.45562500000000006 0.5506249999999999 0.45999999999999996 0.545625 0.45999999999999996 0.529375 0.45187499999999997 0.52125 0.4525 0.51125 0.448125 0.5081249999999999 0.45187499999999997 0.51 0.45999999999999996 0.51625 0.46624999999999994 0.525625 0.46875 0.5325 0.47562499999999996
2 0.6025 0.281875 0.598125 0.27875 0.59375 0.28125 0.59375 0.29312499999999997 0.5912499999999999 0.29562499999999997 0.588125 0.29562499999999997 0.586875 0.311875 0.598125 0.309375 0.60375 0.29312499999999997 0.6025 0.281875
2 0.578125 0.271875 0.0015625 0.0015625
2 0.5862499999999999 0.228125 0.588125 0.22999999999999998 0.59375 0.22749999999999998 0.593125 0.22312500000000002 0.588125 0.22000000000000003 0.57875 0.21812499999999999 0.5725 0.22000000000000003 0.571875 0.226875 0.57375 0.22999999999999998 0.5845312500000001 0.22999999999999998 0.5862499999999999 0.228125
2 0.473125 0.213125 0.46624999999999994 0.21437499999999998 0.465625 0.21812499999999999 0.46312499999999995 0.21937500000000001 0.46312499999999995 0.22312500000000002 0.46875 0.22749999999999998 0.47562499999999996 0.22749999999999998 0.48125 0.224375 0.491875 0.22562500000000002 0.501875 0.23125 0.50875 0.2325 0.516875 0.238125 0.5275000000000001 0.238125 0.535625 0.244375 0.5575 0.24937499999999999 0.56125 0.24937499999999999 0.56375 0.24375 0.573125 0.24562499999999998 0.5775 0.248125 0.576875 0.254375 0.5862499999999999 0.253125 0.589375 0.25875 0.59375 0.26187499999999997 0.594375 0.265625 0.6 0.26875 0.6025 0.26875 0.604375 0.265625 0.608125 0.268125 0.6125 0.26625 0.6174999999999999 0.26749999999999996 0.623125 0.263125 0.62625 0.27375 0.63625 0.26187499999999997 0.634375 0.258125 0.6287499999999999 0.256875 0.624375 0.256875 0.61875 0.26187499999999997 0.61625 0.254375 0.6125 0.250625 0.5900000000000001 0.24312499999999998 0.5818749999999999 0.236875 0.5706249999999999 0.236875 0.56375 0.2325 0.5599999999999999 0.23374999999999999 0.5575 0.23125 0.5431250000000001 0.23125 0.5387500000000001 0.22937500000000002 0.535625 0.225 0.521875 0.2225 0.5193749999999999 0.21812499999999999 0.5237499999999999 0.20812499999999998 0.51625 0.20125 0.504375 0.2 0.5 0.20437500000000003 0.499375 0.209375 0.49124999999999996 0.210625 0.4875 0.20125 0.48312499999999997 0.20375000000000001 0.48125 0.1925 0.476875 0.1925 0.47437500000000005 0.20249999999999999 0.478125 0.205625 0.478125 0.209375 0.473125 0.213125
2 0.7234375 0.36953125 0.0015625 0.0015625
2 0.76875 0.37374999999999997 0.7693749999999999 0.36625 0.765 0.36 0.76625 0.3625 0.764375 0.36375 0.764375 0.3675 0.76875 0.37374999999999997
2 0.728125 0.3025 0.725625 0.3025 0.725625 0.305 0.7275 0.305 0.728125 0.3025
2 0.711875 0.27999999999999997 0.7212500000000001 0.276875 0.725 0.2725 0.7268749999999999 0.265 0.720625 0.263125 0.716875 0.258125 0.713125 0.258125 0.704375 0.26437499999999997 0.70375 0.271875 0.708125 0.275625 0.70625 0.27875 0.711875 0.27999999999999997
2 0.7474999999999999 0.27875 0.7474999999999999 0.28875 0.745 0.29312499999999997 0.75625 0.30375 0.76 0.3125 0.76625 0.3175 0.766875 0.321875 0.775625 0.321875 0.78625 0.306875 0.7925 0.290625 0.7925 0.27625 0.7875 0.250625 0.779375 0.244375 0.76875 0.244375 0.7725 0.238125 0.771875 0.234375 0.76875 0.22999999999999998 0.76125 0.228125 0.76125 0.22625 0.75875 0.234375 0.75125 0.22875 0.743125 0.234375 0.740625 0.244375 0.744375 0.24625 0.751875 0.26 0.7474999999999999 0.27875
2 0.6599999999999999 0.29312499999999997 0.6625 0.3 0.6681250000000001 0.30375 0.670625 0.315 0.6775 0.32437499999999997 0.6775 0.3275 0.6849999999999999 0.330625 0.685625 0.33375 0.69375 0.340625 0.69625 0.34125 0.70125 0.33625 0.705 0.33625 0.7068749999999999 0.34125 0.715625 0.34375 0.72 0.348125 0.74 0.34562499999999996 0.754375 0.34125 0.75625 0.335 0.75125 0.328125 0.75125 0.325 0.745625 0.32437499999999997 0.735 0.31 0.73 0.31 0.725 0.306875 0.72 0.3075 0.7112499999999999 0.3025 0.70625 0.3025 0.7025 0.296875 0.6975 0.29562499999999997 0.68875 0.288125 0.683125 0.275625 0.683125 0.2625 0.6875 0.253125 0.705 0.236875 0.708125 0.236875 0.7112499999999999 0.23374999999999999 0.7025 0.23125 0.694375 0.22562500000000002 0.6849999999999999 0.22562500000000002 0.670625 0.238125 0.6693749999999999 0.24500000000000002 0.660625 0.258125 0.6575 0.270625 0.6575 0.28312499999999996 0.660625 0.28875 0.6599999999999999 0.29312499999999997
2 0.62 0.56375 0.623125 0.56375 0.625 0.560625 0.624375 0.5525 0.6174999999999999 0.545625 0.608125 0.545625 0.6068749999999999 0.553125 0.60875 0.556875 0.615625 0.5575 0.62 0.56375
2 0.5662499999999999 0.551875 0.56875 0.551875 0.5725 0.548125 0.5743750000000001 0.54875 0.5728125000000001 0.5506249999999999 0.576875 0.551875 0.58 0.55 0.57125 0.546875 0.566875 0.5425 0.566875 0.5393749999999999 0.5650000000000001 0.5425 0.558125 0.545625 0.560625 0.55 0.5662499999999999 0.551875
2 0.5525 0.5431250000000001 0.55 0.54 0.5506249999999999 0.5325 0.54875 0.5325 0.5425 0.535625 0.5443749999999999 0.535625 0.545625 0.5425 0.5525 0.5431250000000001
2 0.5387500000000001 0.5275000000000001 0.5375 0.530625 0.5425 0.529375 0.54 0.52625 0.5387500000000001 0.5275000000000001
2 0.5325 0.46125 0.535625 0.4625 0.535625 0.45875000000000005 0.533125 0.46125 0.53125 0.4575 0.525625 0.45625 0.52125 0.45875000000000005 0.521875 0.46312499999999995 0.525625 0.46375 0.5325 0.46125
2 0.56375 0.45875000000000005 0.56375 0.45375 0.5625 0.45499999999999996 0.56375 0.45875000000000005
2 0.46312499999999995 0.43375 0.458125 0.4325 0.45375 0.43499999999999994 0.45625 0.4375 0.468125 0.43937499999999996 0.46312499999999995 0.43375
2 0.845 0.41624999999999995 0.845 0.418125 0.846875 0.416875 0.845 0.41624999999999995
2 0.8168749999999999 0.344375 0.8168749999999999 0.340625 0.81375 0.335 0.81375 0.330625 0.8074999999999999 0.3225 0.8006249999999999 0.33125 0.8006249999999999 0.34562499999999996 0.80375 0.348125 0.81375 0.34875 0.8168749999999999 0.344375
2 0.47874999999999995 0.71375 0.484375 0.72 0.49000000000000005 0.71875 0.49124999999999996 0.723125 0.49812500000000004 0.723125 0.5025000000000001 0.725625 0.505 0.73 0.515625 0.73 0.51875 0.733125 0.5193749999999999 0.7375 0.526875 0.740625 0.529375 0.744375 0.5325 0.745 0.548125 0.7581249999999999 0.5662499999999999 0.76 0.56875 0.7618750000000001 0.5725 0.77125 0.5775 0.7737499999999999 0.5862499999999999 0.7737499999999999 0.595 0.785625 0.598125 0.7787499999999999 0.6025 0.7825 0.6018749999999999 0.785625 0.60375 0.78625 0.6056250000000001 0.7837500000000001 0.608125 0.785625 0.605 0.7825 0.608125 0.779375 0.614375 0.78125 0.61625 0.783125 0.6131249999999999 0.7925 0.615 0.796875 0.619375 0.795 0.62 0.8 0.629375 0.805 0.639375 0.8074999999999999 0.650625 0.81375 0.66125 0.8143750000000001 0.663125 0.8168749999999999 0.6756249999999999 0.8175000000000001 0.69875 0.8237500000000001 0.7075 0.8237500000000001 0.723125 0.82875 0.7375 0.829375 0.7693749999999999 0.838125 0.7837500000000001 0.8387499999999999 0.785625 0.8412499999999999 0.806875 0.845 0.8150000000000001 0.8456250000000001 0.820625 0.84375 0.8225 0.8481249999999999 0.8462500000000001 0.85 0.859375 0.821875 0.86 0.8150000000000001 0.8625 0.8125 0.8631249999999999 0.8018750000000001 0.869375 0.795 0.8706250000000001 0.788125 0.8731249999999999 0.785625 0.8768750000000001 0.7681250000000001 0.8881249999999999 0.745 0.89125 0.735 0.89125 0.728125 0.9043749999999999 0.701875 0.9043749999999999 0.691875 0.9075 0.690625 0.9075 0.685625 0.914375 0.6756249999999999 0.915625 0.663125 0.921875 0.655625 0.923125 0.6475 0.925 0.646875 0.93 0.63375 0.931875 0.624375 0.930625 0.615625 0.9356249999999999 0.614375 0.9356249999999999 0.60875 0.93875 0.6075 0.93875 0.6025 0.9418749999999999 0.6 0.94625 0.5900000000000001 0.9493750000000001 0.571875 0.95625 0.56375 0.96125 0.5506249999999999 0.96125 0.5443749999999999 0.9568749999999999 0.5393749999999999 0.95625 0.53125 0.96125 0.529375 0.9662499999999999 0.53125 0.968125 0.5287499999999999 0.9731249999999999 0.51625 0.976875 0.49749999999999994 0.9800000000000001 0.495 0.9881249999999999 0.473125 0.994375 0.46312499999999995 0.9949999999999999 0.45437500000000003 0.999375 0.45 0.999375 0.441875 0.9962500000000001 0.43875000000000003 0.9974999999999999 0.43499999999999994 0.999375 0.43499999999999994 0.994375 0.43375 0.99 0.43499999999999994 0.99 0.44000000000000006 0.9875 0.44312500000000005 0.9824999999999999 0.44312500000000005 0.9818749999999999 0.449375 0.978125 0.45187499999999997 0.978125 0.45875000000000005 0.9706250000000001 0.465 0.96 0.465 0.959375 0.46187500000000004 0.9550000000000001 0.458125 0.96125 0.445625 0.95875 0.44312500000000005 0.96125 0.43937499999999996 0.95875 0.426875 0.9650000000000001 0.41937499999999994 0.9706250000000001 0.418125 0.97 0.41375 0.9668749999999999 0.410625 0.96875 0.40374999999999994 0.961875 0.39625 0.961875 0.38937499999999997 0.95875 0.38687499999999997 0.95875 0.379375 0.968125 0.379375 0.97 0.381875 0.9775 0.383125 0.9818749999999999 0.37687499999999996 0.9806250000000001 0.3725 0.984375 0.364375 0.9949999999999999 0.369375 0.9949999999999999 0.365625 0.999375 0.3625 0.999375 0.35562499999999997 0.9949999999999999 0.35 0.9949999999999999 0.34125 0.990625 0.338125 0.984375 0.3375 0.97 0.33125 0.9662499999999999 0.33375 0.9625 0.34125 0.9574999999999999 0.34249999999999997 0.951875 0.335625 0.951875 0.33125 0.9550000000000001 0.325625 0.95375 0.32 0.9493750000000001 0.316875 0.944375 0.316875 0.9412499999999999 0.313125 0.925 0.306875 0.9225 0.30874999999999997 0.921875 0.306875 0.92125 0.311875 0.9175000000000001 0.311875 0.915 0.30874999999999997 0.9075 0.31 0.90625 0.32875 0.900625 0.32875 0.8975 0.33125 0.89625 0.3375 0.891875 0.34562499999999996 0.889375 0.346875 0.89375 0.350625 0.8943749999999999 0.35562499999999997 0.89875 0.36 0.899375 0.3675 0.896875 0.3725 0.896875 0.378125 0.89375 0.379375 0.89125 0.384375 0.881875 0.385 0.878125 0.39249999999999996 0.868125 0.39375 0.868125 0.3975 0.8625 0.403125 0.8574999999999999 0.40125 0.8574999999999999 0.406875 0.8487500000000001 0.418125 0.851875 0.42312500000000003 0.851875 0.42625 0.8487500000000001 0.429375 0.846875 0.42750000000000005 0.838125 0.42750000000000005 0.834375 0.43187499999999995 0.8237500000000001 0.4325 0.82125 0.43499999999999994 0.80625 0.43499999999999994 0.80375 0.433125 0.8006249999999999 0.425 0.7875 0.41187500000000005 0.779375 0.39625 0.7725 0.38937499999999997 0.770625 0.383125 0.76625 0.3775 0.76625 0.371875 0.7618750000000001 0.3725 0.7618750000000001 0.375625 0.7581249999999999 0.37687499999999996 0.7537499999999999 0.37312500000000004 0.754375 0.369375 0.7525000000000001 0.371875 0.735 0.37 0.725625 0.37374999999999997 0.725 0.3725 0.71875 0.3775 0.7162499999999999 0.37625000000000003 0.716875 0.371875 0.705 0.37 0.7006249999999999 0.36625 0.685625 0.3625 0.683125 0.35812499999999997 0.670625 0.35125 0.658125 0.33875 0.654375 0.33125 0.65125 0.32999999999999996 0.64375 0.31875 0.63625 0.29562499999999997 0.629375 0.29375 0.62625 0.289375 0.623125 0.29125 0.619375 0.29562499999999997 0.615 0.308125 0.614375 0.319375 0.61 0.32687499999999997 0.609375 0.335 0.600625 0.34125 0.6 0.34875 0.5974999999999999 0.351875 0.595 0.3625 0.591875 0.364375 0.586875 0.379375 0.5862499999999999 0.3875 0.5818749999999999 0.39625 0.576875 0.40125 0.57375 0.41125 0.57375 0.42000000000000004 0.571875 0.4225 0.571875 0.425 0.576875 0.42874999999999996 0.57875 0.434375 0.576875 0.43875000000000003 0.576875 0.45999999999999996 0.571875 0.46375 0.576875 0.46875 0.58125 0.46749999999999997 0.59375 0.473125 0.5818749999999999 0.49124999999999996 0.5706249999999999 0.4925 0.56375 0.49874999999999997 0.560625 0.49749999999999994 0.558125 0.500625 0.558125 0.504375 0.56375 0.504375 0.5675 0.501875 0.57125 0.50625 0.58375 0.5118750000000001 0.585 0.514375 0.593125 0.51875 0.619375 0.5237499999999999 0.629375 0.529375 0.6375 0.53125 0.64375 0.53625 0.6575 0.540625 0.663125 0.545 0.6756249999999999 0.5475 0.6875 0.558125 0.68875 0.5675 0.681875 0.576875 0.6725 0.5706249999999999 0.66625 0.57125 0.6643749999999999 0.566875 0.6599999999999999 0.573125 0.6599999999999999 0.5775 0.654375 0.58 0.64625 0.573125 0.64375 0.566875 0.639375 0.564375 0.62625 0.566875 0.625 0.576875 0.64 0.57875 0.6443749999999999 0.58375 0.6443749999999999 0.599375 0.641875 0.6056250000000001 0.635 0.609375 0.63625 0.6174999999999999 0.6331249999999999 0.62 0.63 0.62 0.6287499999999999 0.6174999999999999 0.620625 0.614375 0.6125 0.60375 0.609375 0.6025 0.608125 0.59875 0.5962500000000001 0.598125 0.590625 0.58875 0.5743750000000001 0.586875 0.566875 0.5818749999999999 0.561875 0.585 0.558125 0.585 0.553125 0.5775 0.55375 0.58 0.55125 0.5818749999999999 0.54875 0.5775 0.548125 0.58375 0.5375 0.585 0.533125 0.579375 0.5325 0.57375 0.53125 0.57625 0.5287499999999999 0.57375 0.52125 0.57375 0.5193749999999999 0.571875 0.51125 0.5725 0.503125 0.6018749999999999 0.50125 0.60375 0.49437499999999995 0.60375 0.491875 0.609375 0.4875 0.61125 0.48312499999999997 0.620625 0.48312499999999997 0.62625 0.478125 0.6325000000000001 0.47375 0.6537499999999999 0.46875 0.656875 0.46749999999999997 0.6643749999999999 0.45999999999999996 0.67 0.45999999999999996 0.675 0.45625 0.6775 0.45562500000000006 0.681875 0.45187499999999997 0.68625 0.45062499999999994 0.6956249999999999 0.465 0.70375 0.469375 0.709375 0.47874999999999995 0.71375
2 0.7537499999999999 0.26625 0.755 0.265 0.75875 0.26437499999999997 0.76125 0.27125 0.764375 0.270625 0.76625 0.260625 0.76125 0.258125 0.75875 0.26 0.754375 0.259375 0.75125 0.260625 0.75125 0.2646875 0.7537499999999999 0.26625
2 0.46125 0.21937500000000001 0.46624999999999994 0.22625 0.47437500000000005 0.22749999999999998 0.476875 0.225 0.48375 0.22374999999999998 0.49437499999999995 0.225 0.501875 0.23125 0.5275000000000001 0.236875 0.53625 0.241875 0.548125 0.24500000000000002 0.556875 0.24625 0.563125 0.24312499999999998 0.569375 0.24500000000000002 0.5818749999999999 0.244375 0.583125 0.25187499999999996 0.5962500000000001 0.25187499999999996 0.599375 0.253125 0.6 0.258125 0.604375 0.258125 0.6056250000000001 0.255 0.6118750000000001 0.26 0.615 0.256875 0.619375 0.256875 0.6212500000000001 0.26187499999999997 0.625 0.26437499999999997 0.62625 0.27125 0.629375 0.26875 0.6331249999999999 0.26875 0.634375 0.26125 0.641875 0.246875 0.64375 0.24625 0.6475 0.23562500000000003 0.654375 0.22749999999999998 0.654375 0.22312500000000002 0.650625 0.220625 0.623125 0.215625 0.60375 0.209375 0.59375 0.209375 0.5862499999999999 0.205625 0.579375 0.205625 0.558125 0.19875 0.55125 0.19875 0.50625 0.1875 0.48312499999999997 0.18375 0.47562499999999996 0.18562499999999998 0.473125 0.195625 0.46875 0.20249999999999999 0.468125 0.210625 0.46125 0.21937500000000001
2 0.6325000000000001 0.7581249999999999 0.629375 0.755 0.625 0.76125 0.6224999999999999 0.7693749999999999 0.623125 0.779375 0.625 0.7849999999999999 0.6287499999999999 0.788125 0.626875 0.795625 0.629375 0.8 0.634375 0.8018750000000001 0.645625 0.8025 0.64625 0.806875 0.65 0.8074999999999999 0.65625 0.81375 0.661875 0.81375 0.665625 0.8168749999999999 0.675 0.8175000000000001 0.680625 0.820625 0.68875 0.82125 0.6925 0.819375 0.701875 0.8237500000000001 0.7112499999999999 0.8243750000000001 0.714375 0.826875 0.7375 0.829375 0.744375 0.8331250000000001 0.7618750000000001 0.835 0.770625 0.838125 0.775 0.836875 0.785625 0.8418749999999999 0.805 0.845 0.82125 0.84375 0.8237500000000001 0.8481249999999999 0.83125 0.8481249999999999 0.8393750000000001 0.851875 0.8481249999999999 0.85 0.859375 0.8237500000000001 0.865 0.80375 0.8731249999999999 0.7875 0.88125 0.76125 0.88375 0.759375 0.884375 0.7537499999999999 0.8881249999999999 0.748125 0.89125 0.735 0.9043749999999999 0.70375 0.9043749999999999 0.6993750000000001 0.915 0.676875 0.9175000000000001 0.665 0.9225 0.6575 0.923125 0.651875 0.93 0.63875 0.9324999999999999 0.623125 0.936875 0.6174999999999999 0.93875 0.608125 0.94625 0.59375 0.946875 0.5875 0.9581250000000001 0.56375 0.9637499999999999 0.545625 0.9637499999999999 0.5387500000000001 0.9668749999999999 0.535625 0.9662499999999999 0.5325 0.9724999999999999 0.52125 0.978125 0.49749999999999994 0.985 0.48624999999999996 0.990625 0.469375 0.994375 0.46624999999999994 0.9974999999999999 0.4425 0.9956250000000001 0.43499999999999994 0.990625 0.43125 0.9875 0.43125 0.984375 0.434375 0.9775 0.43187499999999995 0.976875 0.42625 0.9800000000000001 0.425 0.978125 0.42062499999999997 0.9800000000000001 0.418125 0.985 0.418125 0.985 0.41187500000000005 0.978125 0.410625 0.976875 0.415625 0.975 0.40812499999999996 0.9731249999999999 0.405625 0.969375 0.40499999999999997 0.9650000000000001 0.39437500000000003 0.983125 0.38937499999999997 0.98125 0.38625 0.985 0.383125 0.985 0.379375 0.9824999999999999 0.37625000000000003 0.985 0.3675 0.994375 0.3725 0.9925 0.37 0.9949999999999999 0.368125 0.9974999999999999 0.359375 0.9949999999999999 0.34562499999999996 0.9925 0.34375 0.994375 0.34125 0.99 0.34375 0.9881249999999999 0.34125 0.974375 0.335625 0.96125 0.33375 0.9550000000000001 0.335625 0.9475 0.3275 0.9487500000000001 0.3225 0.94625 0.316875 0.9393750000000001 0.315 0.931875 0.31 0.9225 0.311875 0.9125 0.31 0.9081250000000001 0.31437499999999996 0.9043749999999999 0.325 0.89375 0.330625 0.8956250000000001 0.335625 0.89375 0.3375 0.885 0.33875 0.88125 0.34375 0.881875 0.348125 0.8868750000000001 0.348125 0.89125 0.351875 0.89375 0.375625 0.89 0.379375 0.884375 0.379375 0.8724999999999999 0.385625 0.8724999999999999 0.3875 0.8712500000000001 0.38687499999999997 0.8731249999999999 0.38937499999999997 0.8631249999999999 0.3975 0.8568749999999999 0.398125 0.8525 0.39625 0.85 0.40062499999999995 0.851875 0.403125 0.85 0.410625 0.8481249999999999 0.41312499999999996 0.845 0.41187500000000005 0.84375 0.41624999999999995 0.8456250000000001 0.42374999999999996 0.8418749999999999 0.42625 0.8387499999999999 0.425 0.834375 0.4325 0.805 0.4325 0.770625 0.385625 0.7675 0.385 0.764375 0.3875 0.75875 0.396875 0.75625 0.40625 0.75 0.415625 0.749375 0.42374999999999996 0.745625 0.42750000000000005 0.744375 0.43375 0.740625 0.43875000000000003 0.74 0.448125 0.735625 0.456875 0.735 0.465625 0.725 0.48562500000000003 0.725 0.4925 0.711875 0.5081249999999999 0.71375 0.515 0.711875 0.531875 0.705 0.5431250000000001 0.7006249999999999 0.55625 0.70625 0.5675 0.704375 0.576875 0.69875 0.5806250000000001 0.6956249999999999 0.588125 0.691875 0.58875 0.685625 0.595 0.6849999999999999 0.604375 0.686875 0.605 0.686875 0.6075 0.6837500000000001 0.61 0.6837500000000001 0.6125 0.678125 0.61625 0.6775 0.6224999999999999 0.675 0.62625 0.67875 0.629375 0.6775 0.64 0.6756249999999999 0.641875 0.670625 0.641875 0.665625 0.646875 0.6625 0.6599999999999999 0.6625 0.67375 0.6599999999999999 0.6775 0.6575 0.6756249999999999 0.65625 0.6825 0.6537499999999999 0.685625 0.65125 0.685625 0.649375 0.689375 0.649375 0.6993750000000001 0.64625 0.701875 0.64625 0.7112499999999999 0.64375 0.711875 0.639375 0.71875 0.629375 0.74375 0.63125 0.748125 0.63375 0.748125 0.63625 0.751875 0.6325000000000001 0.7581249999999999
2 0.54296875 0.41875 0.00078125 0.00078125
2 0.490625 0.2325 0.49749999999999994 0.238125 0.51125 0.238125 0.514375 0.240625 0.51875 0.250625 0.514375 0.26875 0.514375 0.27875 0.506875 0.29312499999999997 0.51125 0.3025 0.51 0.328125 0.50625 0.33625 0.50875 0.34125 0.506875 0.34375 0.506875 0.353125 0.51 0.35562499999999997 0.545 0.35375 0.5475 0.35562499999999997 0.556875 0.35625 0.5625 0.361875 0.5599999999999999 0.3675 0.556875 0.369375 0.546875 0.369375 0.545625 0.3675 0.5349999999999999 0.365 0.525625 0.36875 0.521875 0.3675 0.514375 0.37 0.509375 0.3725 0.50125 0.383125 0.50125 0.3975 0.503125 0.39875 0.504375 0.405625 0.515 0.41125 0.525625 0.41125 0.529375 0.414375 0.529375 0.418125 0.533125 0.42374999999999996 0.5375 0.425 0.535625 0.41187500000000005 0.5375 0.410625 0.538125 0.4025 0.5375 0.39875 0.5337500000000001 0.395625 0.535625 0.39375 0.55 0.393125 0.5599999999999999 0.3975 0.5662499999999999 0.3975 0.5706249999999999 0.395 0.5725 0.39375 0.571875 0.3875 0.57375 0.38687499999999997 0.57375 0.38125 0.57625 0.37625000000000003 0.58375 0.3725 0.5912499999999999 0.3625 0.591875 0.35625 0.5900000000000001 0.354375 0.598125 0.34562499999999996 0.598125 0.33125 0.6131249999999999 0.311875 0.6212500000000001 0.281875 0.626875 0.27625 0.624375 0.260625 0.61875 0.259375 0.618125 0.255625 0.6125 0.250625 0.60375 0.24874999999999997 0.590625 0.240625 0.5862499999999999 0.23312499999999997 0.593125 0.22749999999999998 0.591875 0.22312500000000002 0.586875 0.224375 0.576875 0.220625 0.571875 0.22312500000000002 0.568125 0.2325 0.54625 0.23125 0.534375 0.225 0.51875 0.220625 0.52125 0.209375 0.5131249999999999 0.20437500000000003 0.504375 0.20437500000000003 0.503125 0.2125 0.500625 0.215 0.49437499999999995 0.215625 0.48624999999999996 0.21125 0.47562499999999996 0.21125 0.46624999999999994 0.213125 0.46624999999999994 0.216875 0.46375 0.21937500000000001 0.46375 0.22749999999999998 0.46624999999999994 0.22875 0.476875 0.2325 0.490625 0.2325
2 0.47625 0.20437500000000003 0.479375 0.20249999999999999 0.476875 0.20125 0.47625 0.20437500000000003
2 0.476875 0.19624999999999998 0.480625 0.1975 0.480625 0.195 0.476875 0.19624999999999998
2 0.4875 0.1859375 0.00078125 0.00078125
2 0.6046875 0.765625 0.0015625 0.0015625
2 0.45875000000000005 0.69625 0.465 0.696875 0.47000000000000003 0.684375 0.473125 0.6825 0.473125 0.6775 0.45875000000000005 0.678125 0.45875000000000005 0.680625 0.45625 0.681875 0.45625 0.691875 0.45875000000000005 0.69625
2 0.495 0.6625 0.49749999999999994 0.665625 0.50125 0.66625 0.50125 0.6725 0.496875 0.6725 0.495 0.680625 0.48687500000000006 0.68875 0.478125 0.68875 0.479375 0.7006249999999999 0.476875 0.70625 0.480625 0.709375 0.485 0.71 0.4875 0.71375 0.49312500000000004 0.71 0.495625 0.7112499999999999 0.49625 0.7162499999999999 0.501875 0.72 0.50125 0.723125 0.50875 0.725 0.514375 0.716875 0.51875 0.7162499999999999 0.5237499999999999 0.72 0.525625 0.72875 0.5325 0.725 0.5443749999999999 0.725625 0.546875 0.7275 0.5506249999999999 0.740625 0.55 0.744375 0.5549999999999999 0.74875 0.5525 0.75125 0.555625 0.755 0.566875 0.76125 0.5756249999999999 0.76 0.576875 0.764375 0.583125 0.771875 0.586875 0.771875 0.5862499999999999 0.765 0.589375 0.7618750000000001 0.595 0.7631249999999999 0.599375 0.76 0.6018749999999999 0.7631249999999999 0.6018749999999999 0.754375 0.598125 0.75125 0.60375 0.744375 0.609375 0.7462500000000001 0.614375 0.74 0.6224999999999999 0.7375 0.62625 0.733125 0.628125 0.7162499999999999 0.63125 0.711875 0.624375 0.70125 0.624375 0.696875 0.62625 0.694375 0.63375 0.69375 0.634375 0.6875 0.6425 0.6825 0.64 0.67375 0.63125 0.670625 0.626875 0.6625 0.6331249999999999 0.6575 0.63625 0.651875 0.639375 0.6537499999999999 0.64125 0.649375 0.63625 0.65 0.6331249999999999 0.646875 0.634375 0.639375 0.631875 0.6368750000000001 0.631875 0.6331249999999999 0.625 0.626875 0.6075 0.625625 0.598125 0.6125 0.6 0.595 0.596875 0.591875 0.591875 0.5900000000000001 0.58125 0.5912499999999999 0.57375 0.58375 0.566875 0.58 0.563125 0.5818749999999999 0.5575 0.576875 0.5525 0.576875 0.545625 0.58 0.545625 0.584375 0.5425 0.586875 0.5375 0.5862499999999999 0.526875 0.5775 0.52125 0.58 0.515 0.576875 0.51125 0.5818749999999999 0.509375 0.589375 0.51125 0.599375 0.504375 0.600625 0.503125 0.60375 0.49749999999999994 0.6056250000000001 0.4925 0.614375 0.4925 0.6212500000000001 0.49749999999999994 0.63 0.49437499999999995 0.631875 0.49000000000000005 0.629375 0.48125 0.63625 0.478125 0.6431250000000001 0.47874999999999995 0.654375 0.48187499999999994 0.660625 0.4875 0.663125 0.495 0.6625
2 0.25187499999999996 0.4375 0.255625 0.441875 0.2575 0.43937499999999996 0.254375 0.43499999999999994 0.24937499999999999 0.438125 0.244375 0.4375 0.24375 0.43937499999999996 0.248125 0.43937499999999996 0.25 0.441875 0.25187499999999996 0.4375
2 0.236875 0.4325 0.23562500000000003 0.43499999999999994 0.23937499999999998 0.43499999999999994 0.24312499999999998 0.43187499999999995 0.236875 0.4325
2 0.1875 0.40374999999999994 0.205625 0.41312499999999996 0.209375 0.41312499999999996 0.213125 0.42000000000000004 0.215625 0.42062499999999997 0.216875 0.425 0.21812499999999999 0.421875 0.22125 0.4225 0.2225 0.42750000000000005 0.225 0.42750000000000005 0.2225 0.42374999999999996 0.224375 0.4225 0.23374999999999999 0.4225 0.24312499999999998 0.42625 0.24937499999999999 0.42625 0.254375 0.425 0.256875 0.42062499999999997 0.25187499999999996 0.40625 0.24500000000000002 0.39875 0.23562500000000003 0.39375 0.213125 0.38687499999999997 0.205625 0.381875 0.1925 0.379375 0.181875 0.379375 0.175625 0.383125 0.174375 0.388125 0.176875 0.395 0.183125 0.398125 0.1875 0.40374999999999994
2 0.381875 0.320625 0.380625 0.32437499999999997 0.3825 0.325625 0.384375 0.3225 0.381875 0.320625
2 0.374375 0.319375 0.37312500000000004 0.3175 0.371875 0.319375 0.3720113640625 0.32114772812500003 0.374375 0.319375
2 0.3725 0.3275 0.374375 0.3225 0.372025 0.32132499999999997 0.3725 0.3275
2 0.396875 0.28046875 0.0015625 0.003125
2 0.40374999999999994 0.26 0.40062499999999995 0.256875 0.39875 0.259375 0.39875 0.270625 0.40062499999999995 0.27125 0.40374999999999994 0.26875 0.40374999999999994 0.26
2 0.343125 0.32437499999999997 0.348125 0.325625 0.35812499999999997 0.32437499999999997 0.365625 0.32 0.37 0.31 0.369375 0.305625 0.375 0.29375 0.381875 0.288125 0.383125 0.28375 0.39125 0.28125 0.395 0.275625 0.39249999999999996 0.27125 0.39625 0.26437499999999997 0.39625 0.255625 0.39875 0.254375 0.3975 0.248125 0.393125 0.24562499999999998 0.39625 0.22625 0.39187500000000003 0.22312500000000002 0.364375 0.21625 0.36 0.216875 0.34875 0.22374999999999998 0.343125 0.23312499999999997 0.34375 0.25 0.33375 0.260625 0.32999999999999996 0.270625 0.3275 0.27125 0.321875 0.286875 0.320625 0.29874999999999996 0.3275 0.31437499999999996 0.33375 0.316875 0.343125 0.32437499999999997
2 0.446875 0.6018749999999999 0.441875 0.595625 0.43875000000000003 0.6 0.43187499999999995 0.6025 0.42750000000000005 0.6068749999999999 0.42750000000000005 0.609375 0.43624999999999997 0.61 0.446875 0.6018749999999999
2 0.40062499999999995 0.6 0.40374999999999994 0.598125 0.410625 0.59375 0.41624999999999995 0.5862499999999999 0.415625 0.5818749999999999 0.40499999999999997 0.576875 0.39625 0.576875 0.38937499999999997 0.584375 0.388125 0.58875 0.39125 0.598125 0.39375 0.6 0.40062499999999995 0.6
2 0.22625 0.6075 0.23562500000000003 0.610625 0.281875 0.64125 0.284375 0.64125 0.30125 0.654375 0.316875 0.6625 0.335625 0.665625 0.344375 0.67 0.355 0.670625 0.36625 0.6756249999999999 0.39249999999999996 0.6775 0.39625 0.680625 0.41500000000000004 0.6825 0.42062499999999997 0.685625 0.43499999999999994 0.68875 0.445 0.68875 0.449375 0.683125 0.4525 0.671875 0.45187499999999997 0.6675 0.448125 0.6681250000000001 0.445 0.6643749999999999 0.438125 0.665625 0.4325 0.6625 0.425 0.6625 0.42374999999999996 0.660625 0.425625 0.653125 0.436875 0.650625 0.438125 0.645625 0.42750000000000005 0.64625 0.425625 0.649375 0.418125 0.646875 0.41375 0.646875 0.410625 0.649375 0.40812499999999996 0.645625 0.41312499999999996 0.639375 0.42062499999999997 0.63875 0.4325 0.63 0.43187499999999995 0.626875 0.42750000000000005 0.623125 0.426875 0.618125 0.41187500000000005 0.618125 0.40125 0.620625 0.395625 0.625 0.390625 0.63625 0.381875 0.63625 0.38687499999999997 0.623125 0.375 0.61125 0.3725 0.604375 0.371875 0.59375 0.384375 0.5599999999999999 0.381875 0.555625 0.365 0.54875 0.353125 0.5375 0.3375 0.53125 0.305625 0.5237499999999999 0.27937500000000004 0.514375 0.22312500000000002 0.499375 0.21875 0.50125 0.195 0.5625 0.190625 0.57875 0.196875 0.5875 0.21187499999999998 0.595625 0.22625 0.6075
2 0.500625 0.5525 0.505 0.5587500000000001 0.504375 0.564375 0.5118750000000001 0.565625 0.514375 0.560625 0.509375 0.5525 0.50625 0.555625 0.505625 0.5525 0.501875 0.55375 0.5 0.546875 0.50125 0.54 0.49437499999999995 0.5393749999999999 0.49000000000000005 0.535625 0.48687500000000006 0.535625 0.4875 0.55 0.49375 0.55375 0.500625 0.5525
2 0.5506249999999999 0.5193749999999999 0.5506249999999999 0.514375 0.54875 0.514375 0.548125 0.521875 0.5506249999999999 0.5237499999999999 0.5525 0.52125 0.5506249999999999 0.5193749999999999
2 0.5081249999999999 0.50125 0.51125 0.51125 0.525625 0.515 0.529375 0.51875 0.53125 0.52125 0.529375 0.526875 0.5325 0.526875 0.5393749999999999 0.52125 0.54125 0.5237499999999999 0.5443749999999999 0.521875 0.5425 0.5193749999999999 0.5375 0.5193749999999999 0.53125 0.51375 0.530625 0.504375 0.5325 0.501875 0.5387500000000001 0.501875 0.5425 0.505 0.540625 0.5081249999999999 0.5425 0.509375 0.5431250000000001 0.50625 0.5475 0.50625 0.54875 0.50875 0.5525 0.51 0.558125 0.509375 0.553125 0.504375 0.5443749999999999 0.505 0.5425 0.49874999999999997 0.529375 0.495 0.521875 0.49874999999999997 0.516875 0.49625 0.509375 0.49749999999999994 0.5081249999999999 0.49437499999999995 0.5025000000000001 0.495625 0.50125 0.49812500000000004 0.504375 0.501875 0.506875 0.5 0.5081249999999999 0.50125
2 0.588125 0.46375 0.59375 0.45999999999999996 0.595 0.45625 0.591875 0.446875 0.5862499999999999 0.44749999999999995 0.5862499999999999 0.45187499999999997 0.58375 0.45375 0.58375 0.46125 0.588125 0.46375
2 0.48562500000000003 0.4375 0.47874999999999995 0.4375 0.476875 0.441875 0.48187499999999994 0.445625 0.48687500000000006 0.44437499999999996 0.48562500000000003 0.4375
2 0.576875 0.44916687499999997 0.5806250000000001 0.449375 0.576875 0.453125 0.57875 0.45375 0.58125 0.449375 0.58 0.446875 0.588125 0.441875 0.585 0.43875000000000003 0.584375 0.434375 0.5825 0.44312500000000005 0.5806250000000001 0.44375 0.5775 0.440625 0.58 0.44375 0.579375 0.44625000000000004 0.576875 0.445208125 0.576875 0.44916687499999997
2 0.4671875 0.43937499999999996 0.46875 0.436875 0.47125000000000006 0.43937499999999996 0.46624999999999994 0.43187499999999995 0.458125 0.43125 0.45625 0.43187499999999995 0.4575 0.43624999999999997 0.46312499999999995 0.43937499999999996 0.4671875 0.43937499999999996
2 0.58375 0.41125 0.5856250000000001 0.41125 0.589375 0.406875 0.586875 0.405625 0.589375 0.40062499999999995 0.586875 0.39875 0.58375 0.399375 0.5818749999999999 0.40374999999999994 0.58375 0.40812499999999996 0.5862499999999999 0.40875000000000006 0.58375 0.41125
2 0.605 0.3975 0.603125 0.401875 0.605 0.405625 0.6068749999999999 0.40374999999999994 0.605 0.3975
2 0.534375 0.473125 0.545 0.47625 0.5506249999999999 0.48312499999999997 0.5575 0.484375 0.556875 0.4875 0.561875 0.49437499999999995 0.5587500000000001 0.50125 0.56375 0.505 0.561875 0.5081249999999999 0.56375 0.51 0.56375 0.514375 0.5599999999999999 0.520625 0.5549999999999999 0.52125 0.560625 0.5287499999999999 0.5587500000000001 0.53125 0.548125 0.53125 0.54125 0.535625 0.5375 0.535625 0.5375 0.5325 0.534375 0.53125 0.525625 0.545625 0.51875 0.5393749999999999 0.5081249999999999 0.541875 0.5081249999999999 0.546875 0.516875 0.5525 0.51625 0.56375 0.52125 0.57125 0.51625 0.5725 0.51125 0.576875 0.51125 0.58125 0.504375 0.596875 0.505 0.6068749999999999 0.4875 0.609375 0.48312499999999997 0.6224999999999999 0.48312499999999997 0.628125 0.4875 0.631875 0.485 0.639375 0.485 0.6537499999999999 0.475 0.6625 0.46875 0.663125 0.46375 0.6725 0.46375 0.6775 0.47375 0.683125 0.479375 0.6912499999999999 0.49874999999999997 0.696875 0.505625 0.70125 0.509375 0.70625 0.514375 0.7068749999999999 0.52625 0.716875 0.529375 0.716875 0.531875 0.724375 0.53625 0.7268749999999999 0.54 0.743125 0.55 0.739375 0.5506249999999999 0.734375 0.55625 0.7325 0.564375 0.7381249999999999 0.56875 0.74375 0.566875 0.748125 0.56375 0.748125 0.565625 0.75125 0.56875 0.749375 0.57375 0.7537499999999999 0.579375 0.75125 0.588125 0.75125 0.589375 0.753125 0.5974999999999999 0.754375 0.598125 0.7581249999999999 0.608125 0.7693749999999999 0.619375 0.770625 0.624375 0.7631249999999999 0.625 0.75625 0.629375 0.751875 0.629375 0.7381249999999999 0.634375 0.7306250000000001 0.634375 0.719375 0.64125 0.713125 0.6443749999999999 0.6975 0.64625 0.69625 0.649375 0.6849999999999999 0.6537499999999999 0.681875 0.65625 0.670625 0.6599999999999999 0.66625 0.6625 0.64625 0.6575 0.635625 0.663125 0.631875 0.67 0.63125 0.670625 0.64125 0.675 0.64125 0.6775 0.6443749999999999 0.681875 0.64125 0.6837500000000001 0.63125 0.683125 0.629375 0.678125 0.629375 0.6756249999999999 0.62375 0.6775 0.62 0.6756249999999999 0.60875 0.678125 0.6056250000000001 0.681875 0.605 0.6925 0.6068749999999999 0.69625 0.6 0.69375 0.5974999999999999 0.6956249999999999 0.596875 0.6912499999999999 0.595 0.691875 0.590625 0.7068749999999999 0.57625 0.709375 0.5706249999999999 0.709375 0.560625 0.7025 0.5543750000000001 0.70375 0.5475 0.70875 0.5425 0.71 0.538125 0.71375 0.5375 0.716875 0.54 0.723125 0.530625 0.7224999999999999 0.524375 0.72 0.5237499999999999 0.716875 0.51875 0.7162499999999999 0.51 0.719375 0.504375 0.725 0.50875 0.725 0.504375 0.7268749999999999 0.5025000000000001 0.73 0.504375 0.73 0.501875 0.734375 0.49874999999999997 0.733125 0.49375 0.72375 0.5 0.721875 0.49437499999999995 0.725 0.480625 0.735625 0.464375 0.735 0.45375 0.7306250000000001 0.445625 0.735625 0.43937499999999996 0.740625 0.441875 0.7462500000000001 0.43187499999999995 0.75 0.429375 0.75125 0.421875 0.7474999999999999 0.41624999999999995 0.740625 0.41312499999999996 0.725625 0.41125 0.716875 0.406875 0.69875 0.403125 0.67875 0.39625 0.660625 0.39625 0.649375 0.409375 0.6443749999999999 0.42062499999999997 0.640625 0.4225 0.63625 0.42062499999999997 0.6331249999999999 0.42874999999999996 0.629375 0.43187499999999995 0.63375 0.433125 0.63375 0.438125 0.6381249999999999 0.440625 0.6381249999999999 0.445 0.6331249999999999 0.45062499999999994 0.619375 0.45375 0.615 0.4575 0.615 0.46624999999999994 0.6174999999999999 0.47125000000000006 0.6131249999999999 0.478125 0.608125 0.47562499999999996 0.6 0.47562499999999996 0.588125 0.46875 0.579375 0.46749999999999997 0.58 0.46312499999999995 0.578125 0.4625 0.575 0.465 0.569375 0.465 0.558125 0.46125 0.556875 0.45875000000000005 0.5393749999999999 0.4625 0.535625 0.45625 0.529375 0.45375 0.521875 0.45375 0.51125 0.449375 0.5131249999999999 0.45062499999999994 0.509375 0.45562500000000006 0.51 0.45999999999999996 0.514375 0.46375 0.530625 0.46875 0.534375 0.473125
2 0.665625 0.375 0.6643749999999999 0.383125 0.67 0.379375 0.6693749999999999 0.375 0.665625 0.375
2 0.598125 0.378125 0.6018749999999999 0.3725 0.598125 0.37374999999999997 0.598125 0.378125
2 0.6849999999999999 0.379375 0.6825 0.375 0.6756249999999999 0.371875 0.675 0.366875 0.67375 0.3675 0.675 0.37374999999999997 0.673125 0.37687499999999996 0.681875 0.381875 0.6849999999999999 0.379375
2 0.57625 0.378125 0.5862499999999999 0.36875 0.588125 0.36375 0.58875 0.35125 0.593125 0.34562499999999996 0.5912499999999999 0.34125 0.576875 0.338125 0.569375 0.34375 0.5625 0.354375 0.5625 0.364375 0.555625 0.37687499999999996 0.555625 0.393125 0.5625 0.3975 0.57375 0.3975 0.57625 0.378125
2 0.65625 0.50625 0.660625 0.504375 0.654375 0.5037499999999999 0.65625 0.50625
2 0.504375 0.48624999999999996 0.50625 0.48624999999999996 0.50875 0.48125 0.5131249999999999 0.480625 0.515 0.48187499999999994 0.514375 0.488125 0.5175 0.49000000000000005 0.525625 0.489375 0.535625 0.491875 0.54 0.48875 0.545 0.480625 0.545 0.47625 0.54 0.47062499999999996 0.51875 0.469375 0.515 0.46624999999999994 0.5131249999999999 0.46125 0.504375 0.45875000000000005 0.50625 0.47000000000000003 0.50125 0.47625 0.5037499999999999 0.479375 0.504375 0.48624999999999996
2 0.525625 0.344375 0.529375 0.346875 0.52625 0.33875 0.525625 0.344375
2 0.3825 0.3325 0.38375 0.335625 0.39249999999999996 0.33125 0.38687499999999997 0.3275 0.3825 0.3325
2 0.39625 0.321875 0.395 0.325625 0.39375 0.335 0.3975 0.333125 0.39875 0.323125 0.39625 0.321875
2 0.40374999999999994 0.294375 0.40625 0.294375 0.40374999999999994 0.290625 0.40374999999999994 0.294375
2 0.3825 0.5425 0.385625 0.54 0.39125 0.54 0.39125 0.5375 0.39875 0.529375 0.40125 0.514375 0.409375 0.50625 0.41875 0.5037499999999999 0.445625 0.5037499999999999 0.45499999999999996 0.495 0.46749999999999997 0.478125 0.47062499999999996 0.469375 0.47562499999999996 0.4625 0.478125 0.44437499999999996 0.484375 0.43937499999999996 0.4875 0.44000000000000006 0.485 0.43499999999999994 0.485 0.405268125 0.49625 0.40625 0.49625 0.429375 0.49874999999999997 0.43499999999999994 0.49749999999999994 0.43937499999999996 0.505 0.440625 0.5081249999999999 0.448125 0.514375 0.44749999999999995 0.5175 0.45187499999999997 0.5287499999999999 0.45187499999999997 0.5337500000000001 0.45375 0.5375 0.45625 0.538125 0.460625 0.540625 0.46125 0.54625 0.458125 0.553125 0.4575 0.56375 0.4375 0.5625 0.425 0.5706249999999999 0.41624999999999995 0.57375 0.40437500000000004 0.58375 0.3875 0.5862499999999999 0.38 0.585 0.375625 0.58875 0.37 0.589375 0.36375 0.596875 0.353125 0.6 0.336875 0.6125 0.3125 0.61625 0.289375 0.6224999999999999 0.27375 0.6224999999999999 0.268125 0.62 0.26437499999999997 0.608125 0.26 0.6056250000000001 0.260625 0.6018749999999999 0.26625 0.59875 0.265 0.593125 0.25625 0.585 0.255625 0.585 0.250625 0.57875 0.246875 0.5706249999999999 0.24874999999999997 0.566875 0.24625 0.56375 0.248125 0.5506249999999999 0.24625 0.5465625000000001 0.246875 0.545 0.24937499999999999 0.5425 0.248125 0.541875 0.244375 0.526875 0.23562500000000003 0.5237499999999999 0.238125 0.51375 0.238125 0.496875 0.2325 0.49000000000000005 0.2325 0.484375 0.22625 0.46312499999999995 0.22875 0.460625 0.22625 0.45187499999999997 0.22749999999999998 0.45062499999999994 0.23374999999999999 0.45499999999999996 0.240625 0.44875 0.248125 0.445 0.248125 0.43937499999999996 0.24375 0.43499999999999994 0.246875 0.43499999999999994 0.25 0.440625 0.254375 0.4325 0.26875 0.4325 0.275 0.42874999999999996 0.27875 0.43 0.286875 0.425625 0.29312499999999997 0.421875 0.29312499999999997 0.410625 0.299375 0.41375 0.3025 0.41375 0.31 0.40812499999999996 0.31625000000000003 0.40812499999999996 0.32437499999999997 0.41375 0.33125 0.40812499999999996 0.34500000000000003 0.41375 0.348125 0.4125 0.350625 0.40625 0.35125 0.40625 0.353125 0.409375 0.35562499999999997 0.42625 0.35562499999999997 0.4325 0.36 0.4325 0.36375 0.429375 0.3675 0.425 0.365 0.421875 0.366875 0.414375 0.365 0.415625 0.37 0.41375 0.3725 0.410625 0.3725 0.406875 0.378125 0.395625 0.41125 0.3825 0.44000000000000006 0.381875 0.445 0.379375 0.44749999999999995 0.379375 0.45187499999999997 0.3725 0.46624999999999994 0.3725 0.47062499999999996 0.356875 0.5131249999999999 0.35562499999999997 0.525625 0.35812499999999997 0.529375 0.369375 0.53125 0.3825 0.5425
2 0.46875 0.22625 0.47750000000000004 0.22312500000000002 0.495 0.22749999999999998 0.49749999999999994 0.22999999999999998 0.510625 0.23125 0.52125 0.238125 0.5287499999999999 0.238125 0.535625 0.244375 0.5425 0.246875 0.57625 0.246875 0.5818749999999999 0.25187499999999996 0.591875 0.2525 0.6 0.259375 0.6068749999999999 0.260625 0.608125 0.2625 0.615625 0.2625 0.618125 0.26187499999999997 0.61875 0.259375 0.623125 0.259375 0.6287499999999999 0.255625 0.6331249999999999 0.2575 0.634375 0.255625 0.64125 0.254375 0.6487499999999999 0.236875 0.6575 0.22374999999999998 0.65125 0.21937500000000001 0.6431250000000001 0.216875 0.598125 0.205625 0.5743750000000001 0.20249999999999999 0.5662499999999999 0.19875 0.535625 0.191875 0.480625 0.18062499999999998 0.47562499999999996 0.18125 0.47375 0.184375 0.473125 0.191875 0.46125 0.21875 0.4625 0.224375 0.46875 0.22625
2 0.328125 0.3734375 0.0015625 0.0015625
2 0.3075 0.365 0.299375 0.365 0.299375 0.366875 0.306875 0.36875 0.3075 0.365
2 0.26437499999999997 0.36875 0.26625 0.366875 0.265625 0.364375 0.26437499999999997 0.36875
2 0.31171875 0.36328125 0.003125 0.0015625
2 0.40125 0.36 0.395625 0.3625 0.39375 0.369375 0.41125 0.3725 0.40812499999999996 0.365 0.40125 0.36
2 0.213125 0.359375 0.216875 0.36 0.21749999999999997 0.35812499999999997 0.213125 0.359375
2 0.203125 0.35812499999999997 0.19875 0.35812499999999997 0.19875 0.36 0.20249999999999999 0.36 0.203125 0.35812499999999997
2 0.16125 0.3875 0.1675 0.393125 0.171875 0.39375 0.174375 0.3975 0.18375 0.40125 0.191875 0.40812499999999996 0.195 0.40812499999999996 0.22875 0.43187499999999995 0.254375 0.441875 0.254375 0.43062500000000004 0.27 0.4225 0.27625 0.421875 0.27875 0.425 0.29125 0.425 0.290625 0.421875 0.29375 0.41875 0.319375 0.42062499999999997 0.3225 0.418125 0.333125 0.418125 0.338125 0.41312499999999996 0.33875 0.405625 0.34125 0.40374999999999994 0.344375 0.395 0.34249999999999997 0.39187500000000003 0.34562499999999996 0.38937499999999997 0.344375 0.383125 0.340625 0.3825 0.34125 0.379375 0.33625 0.379375 0.335 0.385 0.32437499999999997 0.384375 0.321875 0.3825 0.321875 0.379375 0.316875 0.3825 0.313125 0.378125 0.309375 0.37687499999999996 0.31 0.3725 0.30625 0.37124999999999997 0.30375 0.374375 0.3 0.37124999999999997 0.291875 0.3725 0.290625 0.369375 0.2875 0.36875 0.288125 0.365 0.28375 0.36375 0.27999999999999997 0.36625 0.27875 0.365 0.27625 0.37687499999999996 0.26625 0.374375 0.26437499999999997 0.37 0.24562499999999998 0.37124999999999997 0.23937499999999998 0.369375 0.231875 0.371875 0.22374999999999998 0.371875 0.21625 0.37 0.215 0.36875 0.216875 0.36625 0.2 0.364375 0.19875 0.36625 0.20249999999999999 0.369375 0.20187499999999997 0.37687499999999996 0.19125 0.375625 0.178125 0.37687499999999996 0.174375 0.379375 0.171875 0.3775 0.173125 0.3725 0.164375 0.369375 0.17124999999999999 0.364375 0.174375 0.359375 0.173125 0.35562499999999997 0.16999999999999998 0.354375 0.1675 0.36 0.160625 0.36062500000000003 0.159375 0.35812499999999997 0.15687500000000001 0.35812499999999997 0.15375 0.369375 0.150625 0.371875 0.14875 0.379375 0.1525 0.38 0.15687500000000001 0.38687499999999997 0.16125 0.3875
2 0.258125 0.353125 0.259375 0.35125 0.2575 0.350625 0.258125 0.353125
2 0.160625 0.348125 0.16 0.353125 0.161875 0.354375 0.1625 0.350625 0.160625 0.348125
2 0.2140625 0.34765625 0.00078125 0.0015625
2 0.240625 0.34875 0.24500000000000002 0.348125 0.241875 0.34562499999999996 0.240625 0.34875
2 0.17375000000000002 0.34375 0.17250000000000001 0.34625 0.16999999999999998 0.34375 0.16625 0.344375 0.16499999999999998 0.34562499999999996 0.17124999999999999 0.346875 0.175625 0.34562499999999996 0.17375000000000002 0.34375
2 0.31437499999999996 0.320625 0.3125 0.320208125 0.3125 0.32375 0.319375 0.338125 0.33375 0.34875 0.340625 0.348125 0.34125 0.344375 0.338125 0.34125 0.33375 0.34125 0.313125 0.3125 0.31437499999999996 0.31437499999999996 0.3125 0.316666875 0.31437499999999996 0.3175 0.31437499999999996 0.320625
2 0.31 0.29562499999999997 0.311875 0.286875 0.31 0.270625 0.31 0.29562499999999997
2 0.33875 0.321875 0.361875 0.32875 0.3675 0.333125 0.393125 0.33625 0.40374999999999994 0.34375 0.40812499999999996 0.344375 0.41312499999999996 0.33875 0.41624999999999995 0.33875 0.418125 0.34562499999999996 0.426875 0.348125 0.43 0.344375 0.425 0.33875 0.42000000000000004 0.33875 0.415625 0.33375 0.41875 0.33125 0.41312499999999996 0.3175 0.42062499999999997 0.31437499999999996 0.425 0.31 0.42750000000000005 0.29812500000000003 0.43375 0.285625 0.43187499999999995 0.27875 0.434375 0.273125 0.43499999999999994 0.2625 0.440625 0.254375 0.441875 0.248125 0.43624999999999997 0.24125000000000002 0.429375 0.23937499999999998 0.410625 0.22875 0.40499999999999997 0.22875 0.375 0.21875 0.356875 0.21875 0.348125 0.22625 0.348125 0.22937500000000002 0.34375 0.231875 0.34562499999999996 0.24874999999999997 0.33375 0.2625 0.3325 0.268125 0.3225 0.28312499999999996 0.323125 0.3075 0.3275 0.31437499999999996 0.333125 0.315625 0.33875 0.321875
2 0.33625 0.174375 0.3375 0.175625 0.338125 0.1675 0.33625 0.174375
2 0.20125 0.275625 0.20875 0.27625 0.2225 0.28312499999999996 0.23625 0.28625 0.259375 0.296875 0.26625 0.2975 0.27625 0.3025 0.28250000000000003 0.3025 0.28625 0.29 0.29312499999999997 0.278125 0.299375 0.255 0.30375 0.25187499999999996 0.3075 0.26187499999999997 0.306875 0.25187499999999996 0.304375 0.248125 0.305 0.23937499999999998 0.30874999999999997 0.23374999999999999 0.315 0.209375 0.3275 0.18875 0.325 0.181875 0.32875 0.18062499999999998 0.333125 0.16 0.338125 0.159375 0.33875 0.15437499999999998 0.33125 0.153125 0.32875 0.15625 0.325625 0.15625 0.3225 0.151875 0.32437499999999997 0.151875 0.32437499999999997 0.146875 0.32 0.1525 0.316875 0.1525 0.30874999999999997 0.146875 0.27999999999999997 0.13625 0.26875 0.12875 0.254375 0.125 0.24 0.11687499999999999 0.22312500000000002 0.11187499999999999 0.21187499999999998 0.10500000000000001 0.19437500000000002 0.1025 0.18812500000000001 0.11187499999999999 0.173125 0.15812500000000002 0.16375 0.18 0.16125 0.191875 0.15687500000000001 0.2 0.1525 0.216875 0.145625 0.23562500000000003 0.143125 0.238125 0.141875 0.250625 0.151875 0.256875 0.17124999999999999 0.2625 0.20125 0.275625
2 0.2575 0.104375 0.26 0.10625 0.26437499999999997 0.10625 0.27625 0.11374999999999999 0.29562499999999997 0.12 0.30625 0.12625 0.31062500000000004 0.12562500000000001 0.319375 0.1325 0.325625 0.13374999999999998 0.32999999999999996 0.13999999999999999 0.32687499999999997 0.141875 0.32687499999999997 0.144375 0.32875 0.144375 0.32875 0.14125000000000001 0.336875 0.13999999999999999 0.3675 0.15437499999999998 0.38687499999999997 0.160625 0.395625 0.16125 0.43 0.17124999999999999 0.4425 0.173125 0.45187499999999997 0.171875 0.446875 0.16999999999999998 0.445625 0.1675 0.43937499999999996 0.16625 0.434375 0.161875 0.43375 0.15687500000000001 0.4375 0.151875 0.449375 0.15125 0.46125 0.15375 0.460625 0.15 0.46624999999999994 0.15375 0.464375 0.150625 0.45875000000000005 0.14937499999999998 0.4575 0.146875 0.4525 0.146875 0.44437499999999996 0.143125 0.441875 0.13999999999999999 0.438125 0.13999999999999999 0.43375 0.13625 0.43062500000000004 0.13625 0.3975 0.11875 0.385 0.115625 0.381875 0.11187499999999999 0.378125 0.11187499999999999 0.3725 0.1075 0.36875 0.1075 0.366875 0.10500000000000001 0.34875 0.09812499999999999 0.34375 0.094375 0.321875 0.09 0.306875 0.09125 0.29625 0.08499999999999999 0.28375 0.08375 0.26875 0.079375 0.27 0.08499999999999999 0.268125 0.08499999999999999 0.26437499999999997 0.083125 0.26437499999999997 0.079375 0.26187499999999997 0.080625 0.28125 0.10124999999999999 0.271875 0.10375000000000001 0.265 0.10375000000000001 0.26187499999999997 0.10124999999999999 0.25834935937500003 0.101543803125 0.2575 0.104375
2 0.6443749999999999 0.6125 0.6443749999999999 0.61 0.64375 0.608125 0.639375 0.6068749999999999 0.63625 0.6075 0.63625 0.610625 0.64125 0.615 0.6443749999999999 0.6125
2 0.61875 0.55 0.0015625 0.0015625
2 0.54875 0.5425 0.5475 0.538125 0.5493750000000001 0.5337500000000001 0.553125 0.5325 0.551875 0.529375 0.545625 0.529375 0.548125 0.535625 0.5425 0.535625 0.546875 0.5431250000000001 0.54875 0.5425
2 0.538125 0.5275000000000001 0.5375 0.530625 0.5425 0.529375 0.54 0.526875 0.538125 0.5275000000000001
2 0.64 0.521875 0.63125 0.5193749999999999 0.626875 0.520625 0.62625 0.5225 0.631875 0.5287499999999999 0.6381249999999999 0.525625 0.64 0.521875
2 0.6331249999999999 0.4375 0.631875 0.438125 0.63375 0.43937499999999996 0.63625 0.438125 0.6331249999999999 0.4375
2 0.6328125 0.38984375 0.0015625 0.00078125
2 0.6525000000000001 0.335 0.654375 0.335625 0.654375 0.33375 0.6525000000000001 0.335
2 0.484375 0.721875 0.491875 0.725 0.49874999999999997 0.725 0.50875 0.7318749999999999 0.516875 0.7325 0.5193749999999999 0.7381249999999999 0.5275000000000001 0.744375 0.533125 0.745625 0.5475 0.75875 0.5625 0.759375 0.566875 0.770625 0.57375 0.774375 0.5856250000000001 0.77625 0.593125 0.785625 0.610625 0.7875 0.6125 0.7893749999999999 0.610625 0.7925 0.615625 0.7993750000000001 0.62625 0.805 0.639375 0.8074999999999999 0.6475 0.81375 0.6575 0.8168749999999999 0.6900000000000001 0.821875 0.7150000000000001 0.82875 0.753125 0.834375 0.764375 0.838125 0.7787499999999999 0.8393750000000001 0.783125 0.8418749999999999 0.805 0.845 0.8125 0.8481249999999999 0.82125 0.8481249999999999 0.8387499999999999 0.8525 0.8481249999999999 0.851875 0.859375 0.8237500000000001 0.86 0.818125 0.8625 0.815625 0.865 0.80375 0.87625 0.779375 0.8793749999999999 0.765625 0.89125 0.739375 0.8943749999999999 0.725 0.9037499999999999 0.7068749999999999 0.9043749999999999 0.7006249999999999 0.9125 0.67875 0.915 0.676875 0.9181250000000001 0.663125 0.931875 0.631875 0.9331250000000001 0.62 0.9356249999999999 0.618125 0.93875 0.60625 0.94625 0.59375 0.95375 0.569375 0.96125 0.555625 0.9650000000000001 0.5325 0.968125 0.530625 0.9731249999999999 0.520625 0.978125 0.49749999999999994 0.984375 0.48875 0.9881249999999999 0.476875 0.994375 0.46624999999999994 0.9956250000000001 0.45625 0.999375 0.45375 0.999375 0.43187499999999995 0.9949999999999999 0.43 0.99 0.43187499999999995 0.9875 0.43499999999999994 0.9881249999999999 0.43937499999999996 0.98375 0.44000000000000006 0.9800000000000001 0.43499999999999994 0.97875 0.421875 0.9800000000000001 0.41875 0.985 0.418125 0.984375 0.4 0.9875 0.3975 0.985 0.38625 0.9887499999999999 0.378125 0.994375 0.37687499999999996 0.9949999999999999 0.37374999999999997 0.999375 0.37 0.999375 0.344375 0.996875 0.344375 0.99 0.33875 0.98125 0.338125 0.976875 0.33375 0.9525 0.333125 0.9487500000000001 0.32687499999999997 0.95375 0.320625 0.9481249999999999 0.319375 0.946875 0.316875 0.9331250000000001 0.31 0.929375 0.309375 0.9275 0.313125 0.9256249999999999 0.309375 0.921875 0.31437499999999996 0.91625 0.311875 0.915 0.309375 0.9075 0.309375 0.90625 0.313125 0.899375 0.32 0.9043749999999999 0.32437499999999997 0.89625 0.330625 0.8949999999999999 0.3375 0.8862500000000001 0.338125 0.88125 0.34375 0.88125 0.348125 0.889375 0.35 0.891875 0.35812499999999997 0.89125 0.3625 0.8975 0.365625 0.8956250000000001 0.36875 0.8975 0.37625000000000003 0.8925000000000001 0.379375 0.8862500000000001 0.379375 0.87625 0.39125 0.8706250000000001 0.39125 0.865625 0.39375 0.8625 0.399375 0.858125 0.40062499999999995 0.8568749999999999 0.40750000000000003 0.845 0.410625 0.8412499999999999 0.42374999999999996 0.8331250000000001 0.43 0.821875 0.43375 0.8099999999999999 0.43375 0.8025 0.43 0.7925 0.41375 0.7875 0.41 0.779375 0.39875 0.779375 0.39625 0.771875 0.39125 0.7681250000000001 0.39187500000000003 0.765 0.38687499999999997 0.756875 0.39875 0.756875 0.40374999999999994 0.7474999999999999 0.41312499999999996 0.745 0.41312499999999996 0.744375 0.40875000000000006 0.73875 0.40625 0.7375 0.40374999999999994 0.733125 0.410625 0.7268749999999999 0.41125 0.72 0.40625 0.709375 0.405625 0.7068749999999999 0.401875 0.7150000000000001 0.39 0.714375 0.385625 0.70625 0.384375 0.7006249999999999 0.39 0.694375 0.39 0.691875 0.38687499999999997 0.69625 0.384375 0.69625 0.3825 0.69375 0.384375 0.68875 0.37687499999999996 0.68875 0.3725 0.685625 0.37 0.676875 0.36875 0.675 0.35812499999999997 0.670625 0.35812499999999997 0.665 0.35375 0.6625 0.356875 0.6625 0.361875 0.656875 0.3675 0.646875 0.36375 0.645625 0.36 0.65 0.355 0.654375 0.35625 0.654375 0.35375 0.651875 0.35375 0.650625 0.350625 0.646875 0.353125 0.64625 0.34562499999999996 0.635625 0.34187500000000004 0.64 0.335625 0.639375 0.31437499999999996 0.63625 0.315625 0.634375 0.325625 0.63 0.32999999999999996 0.623125 0.325625 0.615625 0.330625 0.615625 0.333125 0.62 0.3375 0.620625 0.34625 0.620625 0.354375 0.615625 0.35875 0.61625 0.3625 0.6118750000000001 0.36625 0.609375 0.365 0.6 0.37 0.596875 0.379375 0.591875 0.3825 0.591875 0.384375 0.6018749999999999 0.39125 0.6 0.39375 0.58875 0.39625 0.58125 0.40374999999999994 0.5818749999999999 0.41375 0.591875 0.428125 0.5912499999999999 0.43187499999999995 0.58375 0.436875 0.58375 0.45999999999999996 0.59375 0.46125 0.595 0.45625 0.605 0.45499999999999996 0.60375 0.45999999999999996 0.6068749999999999 0.46312499999999995 0.60375 0.46624999999999994 0.610625 0.4725 0.608125 0.47625 0.639375 0.47874999999999995 0.641875 0.48312499999999997 0.64625 0.484375 0.64625 0.4875 0.6625 0.4875 0.67 0.49437499999999995 0.676875 0.49625 0.6775 0.50875 0.67375 0.5193749999999999 0.6681250000000001 0.521875 0.6681250000000001 0.5237499999999999 0.6625 0.521875 0.6625 0.525625 0.666875 0.5237499999999999 0.670625 0.5287499999999999 0.6756249999999999 0.52625 0.6775 0.5325 0.671875 0.5349999999999999 0.6675 0.5349999999999999 0.665 0.5325 0.654375 0.5325 0.6487499999999999 0.535625 0.661875 0.538125 0.663125 0.5425 0.671875 0.5425 0.67375 0.5443749999999999 0.6825 0.5431250000000001 0.691875 0.5587500000000001 0.6925 0.5706249999999999 0.689375 0.5725 0.685625 0.5818749999999999 0.678125 0.586875 0.665625 0.5818749999999999 0.6575 0.586875 0.65125 0.58375 0.646875 0.584375 0.6443749999999999 0.5912499999999999 0.646875 0.596875 0.66125 0.600625 0.67 0.608125 0.670625 0.6125 0.6681250000000001 0.615 0.6625 0.615 0.6575 0.6224999999999999 0.651875 0.623125 0.650625 0.625 0.64625 0.623125 0.64 0.624375 0.639375 0.6212500000000001 0.63625 0.620625 0.630625 0.62625 0.62625 0.618125 0.623125 0.619375 0.619375 0.615625 0.609375 0.6174999999999999 0.6068749999999999 0.61375 0.608125 0.608125 0.594375 0.6012500000000001 0.5912499999999999 0.5900000000000001 0.58375 0.5900000000000001 0.5825 0.588125 0.57375 0.586875 0.5675 0.58 0.5599999999999999 0.58125 0.5525 0.576875 0.55 0.579375 0.54875 0.5775 0.545 0.58375 0.5393749999999999 0.585 0.533125 0.5818749999999999 0.529375 0.57625 0.51125 0.576875 0.51125 0.58125 0.50625 0.589375 0.503125 0.6018749999999999 0.495 0.608125 0.491875 0.619375 0.4875 0.618125 0.48312499999999997 0.623125 0.48312499999999997 0.628125 0.47874999999999995 0.631875 0.478125 0.6381249999999999 0.47625 0.639375 0.47375 0.653125 0.46875 0.65625 0.46749999999999997 0.665 0.45999999999999996 0.670625 0.45999999999999996 0.675 0.45625 0.6775 0.45499999999999996 0.6825 0.45187499999999997 0.685625 0.449375 0.691875 0.45 0.6956249999999999 0.47874999999999995 0.7150000000000001 0.484375 0.721875
2 0.9234375 0.30703125 0.003125 0.00078125
2 0.623125 0.31124999999999997 0.624375 0.309375 0.626875 0.31 0.625625 0.305625 0.62 0.313125 0.623125 0.315625 0.62625 0.31437499999999996 0.623125 0.31124999999999997
2 0.410625 0.504375 0.418125 0.504375 0.41187500000000005 0.5037499999999999 0.410625 0.504375
2 0.374375 0.505 0.37687499999999996 0.4875 0.375625 0.48312499999999997 0.371875 0.48250000000000004 0.366875 0.49124999999999996 0.3675 0.50125 0.369375 0.504375 0.374375 0.505
2 0.46375 0.469375 0.46312499999999995 0.47375 0.464375 0.46875 0.46875 0.465625 0.465625 0.46375 0.46125 0.46624999999999994 0.46125 0.46875 0.45625 0.473125 0.45875000000000005 0.47375 0.46375 0.469375
2 0.4575 0.465 0.45999999999999996 0.46125 0.47062499999999996 0.460625 0.468125 0.45625 0.46312499999999995 0.45562500000000006 0.460625 0.45187499999999997 0.45625 0.45 0.45 0.45625 0.45499999999999996 0.45875000000000005 0.45499999999999996 0.465 0.4575 0.465
2 0.39249999999999996 0.448125 0.39 0.44749999999999995 0.38687499999999997 0.4525 0.385625 0.45625 0.390625 0.46125 0.393125 0.45625 0.39249999999999996 0.448125
2 0.40125 0.506875 0.40125 0.50875 0.3975 0.509375 0.4011420859375 0.512410071875 0.40374999999999994 0.5025000000000001 0.40625 0.5 0.40812499999999996 0.50125 0.41125 0.49437499999999995 0.41375 0.499375 0.42374999999999996 0.5 0.426875 0.504375 0.4425 0.5037499999999999 0.44875 0.5 0.4525 0.491875 0.45625 0.49124999999999996 0.45062499999999994 0.49000000000000005 0.448125 0.48687500000000006 0.449375 0.48312499999999997 0.445 0.48312499999999997 0.441875 0.48 0.44312500000000005 0.47437500000000005 0.446875 0.473125 0.446875 0.46125 0.445 0.45999999999999996 0.446875 0.45625 0.445 0.4525 0.4375 0.44625000000000004 0.4325 0.438125 0.42625 0.43499999999999994 0.421875 0.44000000000000006 0.406875 0.436875 0.40437500000000004 0.44312500000000005 0.40062499999999995 0.441875 0.39875 0.445625 0.40374999999999994 0.446875 0.40625 0.45187499999999997 0.398125 0.465625 0.39125 0.469375 0.39375 0.4725 0.39437500000000003 0.48 0.388125 0.4875 0.38937499999999997 0.495 0.38687499999999997 0.49749999999999994 0.38687499999999997 0.50625 0.38937499999999997 0.51625 0.395625 0.50625 0.40125 0.506875
2 0.6725 0.4925 0.678125 0.49874999999999997 0.686875 0.500625 0.6900000000000001 0.5037499999999999 0.6875 0.50625 0.701875 0.505 0.71375 0.509375 0.7224999999999999 0.50125 0.723125 0.49312500000000004 0.7268749999999999 0.4875 0.73 0.476875 0.74 0.46312499999999995 0.7381249999999999 0.45999999999999996 0.74 0.45 0.745 0.434375 0.75 0.42874999999999996 0.75 0.425 0.744375 0.416875 0.73625 0.415625 0.73375 0.41312499999999996 0.71875 0.41187500000000005 0.716875 0.409375 0.69375 0.39875 0.678125 0.395 0.6681250000000001 0.39625 0.658125 0.40125 0.6575 0.40499999999999997 0.651875 0.410625 0.6487499999999999 0.42312500000000003 0.649375 0.43187499999999995 0.64625 0.43499999999999994 0.6475 0.438125 0.64375 0.44000000000000006 0.634375 0.45375 0.635 0.473125 0.64625 0.4875 0.6575 0.4925 0.6725 0.4925
2 0.503125 0.561875 0.51875 0.56375 0.521875 0.566875 0.5337500000000001 0.569375 0.54125 0.57375 0.568125 0.57875 0.586875 0.5862499999999999 0.603125 0.589375 0.6331249999999999 0.6 0.639375 0.6 0.64125 0.598125 0.64125 0.588125 0.6368750000000001 0.58375 0.626875 0.583125 0.60625 0.571875 0.57125 0.5599999999999999 0.560625 0.553125 0.553125 0.551875 0.534375 0.5431250000000001 0.5325 0.538125 0.530625 0.540625 0.521875 0.54 0.51625 0.535625 0.48687500000000006 0.5287499999999999 0.48187499999999994 0.5287499999999999 0.47874999999999995 0.53125 0.479375 0.5425 0.485 0.553125 0.49812500000000004 0.5575 0.503125 0.561875
2 0.38687499999999997 0.3275 0.380625 0.33375 0.39249999999999996 0.33625 0.406875 0.34562499999999996 0.425 0.350625 0.43 0.344375 0.42874999999999996 0.32687499999999997 0.425 0.32125 0.425 0.316875 0.43 0.30125 0.43937499999999996 0.289375 0.4375 0.273125 0.441875 0.263125 0.44312500000000005 0.2525 0.441875 0.24625 0.4375 0.240625 0.414375 0.2325 0.41187500000000005 0.22999999999999998 0.405625 0.230625 0.40374999999999994 0.23374999999999999 0.40374999999999994 0.24312499999999998 0.406875 0.24625 0.410625 0.2425 0.41375 0.24500000000000002 0.41125 0.24937499999999999 0.406875 0.25187499999999996 0.40625 0.27125 0.40125 0.275625 0.398125 0.291875 0.39375 0.29562499999999997 0.39 0.29562499999999997 0.38687499999999997 0.301875 0.38687499999999997 0.3125 0.384375 0.315625 0.384375 0.321875 0.38687499999999997 0.3275
2 0.20125 0.275625 0.20812499999999998 0.27625 0.258125 0.296875 0.265 0.2975 0.2725 0.301875 0.281875 0.30375 0.30125 0.2525 0.30625 0.21875 0.311875 0.20750000000000002 0.316875 0.20249999999999999 0.316875 0.19875 0.3225 0.18875 0.321875 0.1825 0.32875 0.176875 0.33125 0.16875 0.33125 0.159375 0.3 0.143125 0.281875 0.1375 0.2725 0.13125 0.254375 0.125 0.24 0.11687499999999999 0.22374999999999998 0.11187499999999999 0.2125 0.10500000000000001 0.195 0.10187500000000001 0.19125 0.10500000000000001 0.18812500000000001 0.1125 0.173125 0.1575 0.16125 0.18562499999999998 0.16125 0.191875 0.15625 0.20125 0.148125 0.22999999999999998 0.143125 0.23937499999999998 0.141875 0.250625 0.145625 0.254375 0.170625 0.2625 0.20125 0.275625
2 0.826875 0.41375 0.8256249999999999 0.418125 0.8275 0.418125 0.82875 0.414375 0.826875 0.41375
2 0.80703125 0.37734375 0.00078125 0.00390625
2 0.8106249999999999 0.37 0.81375 0.379375 0.81375 0.3725 0.8106249999999999 0.37
2 0.81875 0.26625 0.8125 0.27 0.815625 0.275625 0.81375 0.27625 0.8168749999999999 0.275625 0.819375 0.268125 0.8237500000000001 0.268125 0.8275 0.275625 0.8237500000000001 0.28312499999999996 0.820625 0.28375 0.821875 0.285625 0.8168749999999999 0.288125 0.8125 0.285625 0.8081250000000001 0.306875 0.8125 0.316875 0.81875 0.323125 0.821875 0.33125 0.820625 0.366875 0.82875 0.38 0.8387499999999999 0.390625 0.845 0.39125 0.853125 0.38687499999999997 0.860625 0.379375 0.8699999999999999 0.375 0.8706250000000001 0.365625 0.8731249999999999 0.36124999999999996 0.8731249999999999 0.34187500000000004 0.87625 0.338125 0.8768750000000001 0.33375 0.8887499999999999 0.325 0.9012499999999999 0.311875 0.9037499999999999 0.306875 0.9075 0.29312499999999997 0.9075 0.2725 0.9043749999999999 0.263125 0.8931250000000001 0.246875 0.8793749999999999 0.236875 0.865625 0.2325 0.8525 0.234375 0.84375 0.2325 0.82875 0.236875 0.8225 0.24500000000000002 0.8125 0.250625 0.8106249999999999 0.254375 0.8125 0.259375 0.81875 0.2625 0.8125 0.26625 0.81875 0.26625
2 0.278125 0.10124999999999999 0.254375 0.100625 0.2525 0.10187500000000001 0.255625 0.10625 0.27 0.110625 0.29375 0.12375 0.30125 0.12562500000000001 0.365 0.155 0.39875 0.16499999999999998 0.40499999999999997 0.16499999999999998 0.45 0.176875 0.45999999999999996 0.175625 0.45375 0.16999999999999998 0.43624999999999997 0.160625 0.43624999999999997 0.15687500000000001 0.440625 0.153125 0.46749999999999997 0.155 0.46749999999999997 0.150625 0.4575 0.145625 0.445625 0.141875 0.4375 0.13625 0.434375 0.13625 0.40062499999999995 0.11875 0.39 0.115625 0.37124999999999997 0.10500000000000001 0.3375 0.09125 0.274375 0.080625 0.26625 0.0775 0.26187499999999997 0.0775 0.259375 0.08 0.26187499999999997 0.083125 0.27875 0.091875 0.28125 0.096875 0.278125 0.10124999999999999
2 0.150625 0.381875 0.160625 0.39125 0.205625 0.418125 0.209375 0.41875 0.221875 0.42874999999999996 0.246875 0.441875 0.25625 0.4425 0.25625 0.43062500000000004 0.26875 0.425 0.28625 0.42750000000000005 0.29874999999999996 0.425 0.311875 0.425 0.334375 0.41875 0.33875 0.415625 0.348125 0.393125 0.348125 0.385625 0.34125 0.37687499999999996 0.32937500000000003 0.371875 0.31437499999999996 0.36 0.29812500000000003 0.350625 0.288125 0.34125 0.26625 0.330625 0.25875 0.32437499999999997 0.234375 0.3275 0.195 0.3375 0.16875 0.34125 0.16125 0.344375 0.15625 0.351875 0.14875 0.37374999999999997 0.145625 0.378125 0.146875 0.381875 0.150625 0.381875
2 0.425 0.3453125 0.00078125 0.0015625
2 0.34125 0.32437499999999997 0.34500000000000003 0.32437499999999997 0.351875 0.32875 0.36875 0.33125 0.40812499999999996 0.344375 0.41375 0.338125 0.418125 0.340625 0.418125 0.330625 0.41375 0.32375 0.421875 0.315625 0.43 0.29312499999999997 0.43499999999999994 0.285625 0.43187499999999995 0.274375 0.43624999999999997 0.263125 0.4425 0.254375 0.441875 0.244375 0.4375 0.240625 0.425625 0.236875 0.405625 0.22625 0.37 0.21625 0.36124999999999996 0.21625 0.35375 0.21937500000000001 0.343125 0.22999999999999998 0.34125 0.234375 0.34375 0.23937499999999998 0.34375 0.24937499999999999 0.33375 0.260625 0.321875 0.28312499999999996 0.320625 0.3 0.3225 0.308125 0.32687499999999997 0.31437499999999996 0.34125 0.32437499999999997
2 0.43937499999999996 0.344375 0.44000000000000006 0.334375 0.448125 0.32437499999999997 0.448125 0.315625 0.453125 0.315 0.45375 0.31 0.4575 0.3075 0.45499999999999996 0.30375 0.45499999999999996 0.29812500000000003 0.46624999999999994 0.27375 0.46624999999999994 0.26437499999999997 0.47062499999999996 0.24125000000000002 0.479375 0.234375 0.48312499999999997 0.234375 0.48312499999999997 0.2325 0.46875 0.22875 0.44749999999999995 0.21937500000000001 0.441875 0.21937500000000001 0.438125 0.22625 0.4375 0.234375 0.446875 0.240625 0.445 0.24312499999999998 0.44437499999999996 0.259375 0.43499999999999994 0.27125 0.43499999999999994 0.27625 0.43875000000000003 0.27937500000000004 0.441875 0.28625 0.43187499999999995 0.29562499999999997 0.425 0.3125 0.425 0.321875 0.4375 0.338125 0.43499999999999994 0.344375 0.43937499999999996 0.344375
2 0.258125 0.40625 0.271875 0.40875000000000006 0.288125 0.416875 0.30874999999999997 0.418125 0.3125 0.41375 0.3125 0.40625 0.309375 0.40062499999999995 0.288125 0.3825 0.25187499999999996 0.3725 0.238125 0.371875 0.22999999999999998 0.375 0.22749999999999998 0.38 0.23125 0.38687499999999997 0.25 0.39875 0.258125 0.40625
2 0.60078125 0.778125 0.0015625 0.0015625
2 0.651875 0.6368750000000001 0.6537499999999999 0.6381249999999999 0.654375 0.63625 0.651875 0.6368750000000001
2 0.47562499999999996 0.713125 0.48312499999999997 0.711875 0.48624999999999996 0.714375 0.491875 0.71375 0.4925 0.7162499999999999 0.49625 0.716875 0.5 0.723125 0.504375 0.725625 0.51 0.725625 0.514375 0.721875 0.51875 0.723125 0.52125 0.73 0.5193749999999999 0.7375 0.52125 0.7381249999999999 0.53125 0.7381249999999999 0.5325 0.733125 0.5425 0.7306250000000001 0.546875 0.734375 0.5475 0.7462500000000001 0.553125 0.755 0.565625 0.76125 0.575 0.760625 0.5775 0.77125 0.5856250000000001 0.774375 0.589375 0.779375 0.59375 0.779375 0.595 0.776875 0.598125 0.779375 0.595 0.774375 0.598125 0.77 0.6025 0.7737499999999999 0.6131249999999999 0.7725 0.6131249999999999 0.75625 0.619375 0.753125 0.61875 0.74375 0.6224999999999999 0.74 0.62625 0.739375 0.629375 0.7268749999999999 0.6331249999999999 0.7268749999999999 0.63375 0.72375 0.6287499999999999 0.7262500000000001 0.6287499999999999 0.723125 0.63 0.72 0.634375 0.718125 0.634375 0.70875 0.6287499999999999 0.7025 0.63125 0.69875 0.64 0.696875 0.64 0.6875 0.64625 0.685625 0.646875 0.6837500000000001 0.646875 0.678125 0.6425 0.675 0.64125 0.67 0.6368750000000001 0.66625 0.639375 0.665625 0.64 0.66125 0.64375 0.65625 0.6537499999999999 0.6537499999999999 0.65125 0.6487499999999999 0.65125 0.64125 0.64625 0.631875 0.63625 0.628125 0.634375 0.625625 0.63625 0.623125 0.64625 0.619375 0.64625 0.615 0.6443749999999999 0.61375 0.645625 0.60375 0.64375 0.600625 0.63625 0.603125 0.6212500000000001 0.6 0.61375 0.595 0.60375 0.59375 0.596875 0.58875 0.579375 0.5862499999999999 0.57625 0.58125 0.56875 0.576875 0.54 0.576875 0.5337500000000001 0.57125 0.521875 0.5725 0.515625 0.56875 0.5118750000000001 0.56875 0.51 0.5706249999999999 0.509375 0.58375 0.5037499999999999 0.6 0.50125 0.603125 0.49000000000000005 0.608125 0.48875 0.62 0.484375 0.6224999999999999 0.48687500000000006 0.62625 0.480625 0.629375 0.47625 0.6368750000000001 0.47562499999999996 0.66125 0.473125 0.6643749999999999 0.468125 0.663125 0.460625 0.675 0.45625 0.6775 0.4525 0.685625 0.45375 0.694375 0.45625 0.69875 0.47562499999999996 0.713125
2 0.631875 0.275625 0.63125 0.27875 0.63375 0.27875 0.63375 0.275 0.631875 0.275625
2 0.57875 0.26 0.58 0.26437499999999997 0.58875 0.2625 0.5900000000000001 0.2725 0.593125 0.278125 0.5900000000000001 0.28375 0.58375 0.315625 0.5818749999999999 0.316875 0.583125 0.3225 0.5818749999999999 0.32437499999999997 0.5775 0.32437499999999997 0.57625 0.32875 0.5706249999999999 0.33375 0.55375 0.384375 0.555625 0.393125 0.560625 0.398125 0.571875 0.40062499999999995 0.569375 0.410625 0.571875 0.416875 0.57625 0.410625 0.576875 0.40437500000000004 0.5818749999999999 0.398125 0.5818749999999999 0.393125 0.579375 0.39125 0.58 0.383125 0.58375 0.381875 0.588125 0.37687499999999996 0.589375 0.37124999999999997 0.596875 0.36124999999999996 0.5974999999999999 0.355 0.603125 0.34562499999999996 0.603125 0.34125 0.605 0.34125 0.6 0.33875 0.595625 0.33187500000000003 0.61 0.319375 0.618125 0.30125 0.6212500000000001 0.288125 0.62625 0.28125 0.62375 0.28375 0.6224999999999999 0.280625 0.6224999999999999 0.27749999999999997 0.625 0.275 0.624375 0.265 0.619375 0.2625 0.615 0.255625 0.6068749999999999 0.250625 0.5925 0.2475 0.5818749999999999 0.240625 0.5775 0.240625 0.5756249999999999 0.24375 0.5725 0.24375 0.57125 0.23937499999999998 0.569375 0.23937499999999998 0.566875 0.24375 0.5675 0.24562499999999998 0.57125 0.24625 0.571875 0.25375000000000003 0.57875 0.26
2 0.545 0.478125 0.59875 0.495 0.605 0.499375 0.61375 0.5 0.6331249999999999 0.50625 0.63625 0.509375 0.655 0.514375 0.65625 0.51625 0.6675 0.5193749999999999 0.6725 0.514375 0.6725 0.505 0.6625 0.49749999999999994 0.64125 0.491875 0.6287499999999999 0.485 0.610625 0.480625 0.5962500000000001 0.473125 0.5675 0.465 0.5506249999999999 0.45625 0.5393749999999999 0.45562500000000006 0.535625 0.4525 0.52125 0.449375 0.51125 0.449375 0.509375 0.45875000000000005 0.5118750000000001 0.46375 0.534375 0.47125000000000006 0.545 0.478125
2 0.465625 0.44000000000000006 0.47625 0.445 0.484375 0.44437499999999996 0.489375 0.441875 0.4875 0.4375 0.480625 0.434375 0.4575 0.42750000000000005 0.45187499999999997 0.43125 0.45187499999999997 0.43499999999999994 0.45562500000000006 0.43937499999999996 0.465625 0.44000000000000006
2 0.553125 0.35125 0.5525 0.353125 0.560625 0.351875 0.5506249999999999 0.349375 0.5393749999999999 0.350625 0.538125 0.35125 0.54875 0.353125 0.55125 0.350625 0.553125 0.35125
2 0.5706249999999999 0.32687499999999997 0.5743750000000001 0.315625 0.569375 0.316875 0.56875 0.321875 0.571875 0.321875 0.56875 0.32687499999999997 0.5706249999999999 0.32687499999999997
2 0.56328125 0.275 0.0015625 0.00078125
2 0.515 0.34125 0.5175 0.351875 0.5237499999999999 0.353125 0.52625 0.35125 0.5275000000000001 0.344375 0.52625 0.334375 0.530625 0.330625 0.5325 0.32 0.535625 0.316875 0.535625 0.3075 0.540625 0.3 0.54125 0.291875 0.5475 0.281875 0.54875 0.274375 0.55125 0.27125 0.5587500000000001 0.27 0.56875 0.2725 0.571875 0.27125 0.5706249999999999 0.26875 0.5675 0.270625 0.556875 0.2575 0.545625 0.253125 0.524375 0.254375 0.5175 0.2625 0.51625 0.27999999999999997 0.514375 0.28250000000000003 0.514375 0.3025 0.516875 0.309375 0.514375 0.31875 0.515 0.34125
2 0.33625 0.348125 0.33875 0.348125 0.3375 0.34375 0.33625 0.348125
2 0.3325 0.34375 0.32999999999999996 0.34125 0.32687499999999997 0.34249999999999997 0.330625 0.343125 0.33125 0.34562499999999996 0.3325 0.34375
2 0.320625 0.33375 0.32 0.338125 0.32437499999999997 0.33875 0.320625 0.33625 0.320625 0.33375
2 0.39125 0.33125 0.38937499999999997 0.330625 0.385625 0.33375 0.38687499999999997 0.335 0.39 0.335 0.39125 0.33125
2 0.316875 0.3275 0.316875 0.333125 0.3175 0.330625 0.316875 0.3275
2 0.365 0.286875 0.365 0.290625 0.3675 0.289375 0.365 0.286875
2 0.369375 0.316875 0.36875 0.321875 0.365 0.32437499999999997 0.365 0.32999999999999996 0.379375 0.33125 0.385 0.3225 0.393125 0.3225 0.40062499999999995 0.316875 0.40374999999999994 0.321875 0.40125 0.32437499999999997 0.4 0.335 0.39625 0.338125 0.406875 0.34249999999999997 0.410625 0.33125 0.40374999999999994 0.32 0.40812499999999996 0.3175 0.41312499999999996 0.31 0.41312499999999996 0.30625 0.40499999999999997 0.29562499999999997 0.4 0.2925 0.40062499999999995 0.285625 0.39375 0.285625 0.388125 0.28875 0.385625 0.296875 0.381875 0.299375 0.379375 0.29562499999999997 0.379375 0.3 0.375625 0.305 0.369375 0.30125 0.365 0.31 0.37 0.31124999999999997 0.3725 0.316875 0.369375 0.316875
2 0.31 0.2725 0.31 0.29312499999999997 0.31124999999999997 0.27625 0.31 0.2725
2 0.375 0.26625 0.3725 0.27 0.37625000000000003 0.27125 0.37687499999999996 0.26625 0.375 0.26625
2 0.34562499999999996 0.32437499999999997 0.353125 0.32437499999999997 0.35562499999999997 0.32687499999999997 0.35562499999999997 0.3225 0.3525 0.319375 0.34875 0.319375 0.34750000000000003 0.31625000000000003 0.35875 0.309375 0.36375 0.296875 0.36375 0.29375 0.35812499999999997 0.289375 0.3625 0.284375 0.365 0.284375 0.365 0.281875 0.36 0.27875 0.359375 0.27125 0.3625 0.26875 0.36 0.265 0.354375 0.265 0.353125 0.270625 0.34875 0.26875 0.348125 0.26625 0.34187500000000004 0.265625 0.34562499999999996 0.2625 0.34562499999999996 0.259375 0.34125 0.2575 0.33375 0.26437499999999997 0.33375 0.270625 0.32687499999999997 0.275625 0.323125 0.28875 0.323125 0.30375 0.32687499999999997 0.31375000000000003 0.33187500000000003 0.315 0.34562499999999996 0.32437499999999997
2 0.39125 0.275625 0.39375 0.27875 0.395 0.25921875 0.393125 0.2575 0.395 0.255625 0.393125 0.25625 0.38937499999999997 0.26437499999999997 0.38937499999999997 0.26875 0.39375 0.27125 0.39125 0.275625
2 0.36875 0.2546875 0.00078125 0.0015625
2 0.346875 0.253125 0.34625 0.255 0.349375 0.254375 0.34875 0.2525 0.346875 0.253125
2 0.3675 0.248125 0.369375 0.24874999999999997 0.36875 0.2475 0.3675 0.248125
2 0.351875 0.25 0.354375 0.248125 0.353125 0.234375 0.34562499999999996 0.2325 0.344375 0.240625 0.348125 0.24375 0.34875 0.24874999999999997 0.351875 0.25
2 0.4025 0.23625 0.3975 0.254375 0.39875 0.275625 0.40499999999999997 0.27875 0.40625 0.28625 0.41 0.28875 0.41187500000000005 0.29312499999999997 0.418125 0.29562499999999997 0.425 0.284375 0.425 0.28125 0.4225 0.27875 0.426875 0.26875 0.42625 0.26437499999999997 0.429375 0.26187499999999997 0.43 0.256875 0.43375 0.254375 0.4325 0.240625 0.428125 0.240625 0.425 0.236875 0.41875 0.23562500000000003 0.41187500000000005 0.22999999999999998 0.4025 0.22999999999999998 0.39625 0.22625 0.38937499999999997 0.22562500000000002 0.388125 0.22625 0.39375 0.2325 0.3975 0.22875 0.4025 0.23625
2 0.356875 0.220625 0.35625 0.22374999999999998 0.36124999999999996 0.22312500000000002 0.36124999999999996 0.21937500000000001 0.356875 0.220625
2 0.334375 0.18062499999999998 0.335625 0.176875 0.33375 0.176875 0.334375 0.18062499999999998
2 0.33625 0.174375 0.3375 0.175625 0.338125 0.1675 0.33625 0.174375
2 0.28312499999999996 0.3025 0.28875 0.284375 0.29312499999999997 0.27749999999999997 0.2975 0.26 0.304375 0.25 0.304375 0.24312499999999998 0.31437499999999996 0.215 0.31437499999999996 0.21000000000000002 0.32687499999999997 0.18812500000000001 0.323125 0.185 0.32875 0.18 0.33375 0.16 0.33875 0.15812500000000002 0.33875 0.15437499999999998 0.336875 0.153125 0.33125 0.153125 0.3275 0.15625 0.32 0.151875 0.325625 0.146875 0.333125 0.141875 0.33625 0.141875 0.3675 0.15562499999999999 0.385625 0.16125 0.45562500000000006 0.176875 0.45875000000000005 0.175625 0.458125 0.173125 0.438125 0.16312500000000002 0.43624999999999997 0.15625 0.440625 0.1525 0.45875000000000005 0.155 0.46749999999999997 0.15375 0.46624999999999994 0.150625 0.45999999999999996 0.146875 0.44749999999999995 0.143125 0.441875 0.13874999999999998 0.43375 0.13625 0.40812499999999996 0.12250000000000001 0.3875 0.11499999999999999 0.381875 0.110625 0.34125 0.0925 0.2625 0.078125 0.26 0.080625 0.2625 0.083125 0.27749999999999997 0.09 0.28125 0.094375 0.28125 0.099375 0.278125 0.10124999999999999 0.253125 0.10124999999999999 0.256875 0.10625 0.27 0.110625 0.27625 0.11499999999999999 0.26937500000000003 0.12875 0.255 0.125 0.2475 0.12 0.22374999999999998 0.11187499999999999 0.210625 0.104375 0.195 0.10187500000000001 0.19125 0.10500000000000001 0.178125 0.13874999999999998 0.173125 0.15812500000000002 0.16312500000000002 0.18125 0.148125 0.22875 0.143125 0.238125 0.141875 0.250625 0.145625 0.254375 0.280625 0.30375 0.28312499999999996 0.3025
2 0.605 0.4 0.603125 0.40125 0.608125 0.403125 0.610625 0.40125 0.605 0.4
2 0.556875 0.381875 0.555625 0.38687499999999997 0.5575 0.388125 0.5587500000000001 0.385 0.556875 0.381875
2 0.751875 0.260625 0.75125 0.26749999999999996 0.75625 0.26437499999999997 0.75625 0.260625 0.751875 0.260625
2 0.46624999999999994 0.209375 0.46375 0.21812499999999999 0.46125 0.21937500000000001 0.46624999999999994 0.22749999999999998 0.469375 0.22625 0.47625 0.22875 0.48 0.22625 0.489375 0.22999999999999998 0.5081249999999999 0.2325 0.5131249999999999 0.234375 0.521875 0.24312499999999998 0.5393749999999999 0.25 0.565625 0.253125 0.58 0.26187499999999997 0.588125 0.26 0.591875 0.26625 0.599375 0.26749999999999996 0.60375 0.27125 0.599375 0.276875 0.594375 0.27937500000000004 0.5912499999999999 0.29312499999999997 0.586875 0.30125 0.588125 0.338125 0.5818749999999999 0.33875 0.5806250000000001 0.343125 0.5775 0.34187500000000004 0.57875 0.338125 0.5725 0.338125 0.569375 0.34562499999999996 0.573125 0.34625 0.5756249999999999 0.35125 0.56375 0.35812499999999997 0.566875 0.37374999999999997 0.5625 0.378125 0.561875 0.39375 0.5706249999999999 0.39125 0.576875 0.39875 0.57875 0.39875 0.58 0.39375 0.5756249999999999 0.39 0.57625 0.38 0.5806250000000001 0.37625000000000003 0.584375 0.379375 0.586875 0.3725 0.593125 0.369375 0.595 0.365625 0.608125 0.37312500000000004 0.609375 0.375625 0.605 0.38375 0.614375 0.393125 0.6131249999999999 0.40374999999999994 0.60375 0.40625 0.605 0.414375 0.603125 0.4225 0.605 0.425625 0.593125 0.428125 0.59375 0.438125 0.598125 0.438125 0.6 0.44000000000000006 0.600625 0.446875 0.608125 0.45187499999999997 0.608125 0.45562500000000006 0.60625 0.459375 0.595625 0.46375 0.589375 0.469375 0.599375 0.471875 0.603125 0.469375 0.6025 0.465625 0.60875 0.46875 0.615625 0.4625 0.615625 0.45562500000000006 0.619375 0.45187499999999997 0.629375 0.45375 0.6331249999999999 0.45 0.63625 0.441875 0.634375 0.43375 0.63625 0.43187499999999995 0.639375 0.4375 0.64125 0.43499999999999994 0.64125 0.426875 0.64375 0.42437500000000006 0.6443749999999999 0.4175 0.649375 0.40499999999999997 0.65625 0.39625 0.65625 0.379375 0.6599999999999999 0.37687499999999996 0.6637500000000001 0.369375 0.6675 0.37 0.67125 0.365 0.675 0.366875 0.6837500000000001 0.3775 0.6950000000000001 0.3775 0.6993750000000001 0.384375 0.701875 0.385 0.705 0.38 0.701875 0.37875000000000003 0.698125 0.371875 0.685625 0.365 0.6825 0.36124999999999996 0.6825 0.35812499999999997 0.678125 0.35812499999999997 0.675 0.35562499999999997 0.67125 0.35750000000000004 0.666875 0.35562499999999997 0.6643749999999999 0.34625 0.660625 0.34375 0.660625 0.34125 0.658125 0.34125 0.656875 0.338125 0.646875 0.335 0.6475 0.330625 0.65125 0.33125 0.6443749999999999 0.32875 0.641875 0.32437499999999997 0.639375 0.3025 0.6368750000000001 0.3 0.63625 0.294375 0.6325000000000001 0.291875 0.628125 0.28312499999999996 0.628125 0.280625 0.63375 0.27625 0.631875 0.27625 0.63125 0.27375 0.639375 0.259375 0.64125 0.24937499999999999 0.654375 0.22875 0.654375 0.225 0.649375 0.21937500000000001 0.609375 0.209375 0.584375 0.205625 0.5662499999999999 0.20125 0.5625 0.19875 0.548125 0.1975 0.5443749999999999 0.195 0.484375 0.1825 0.47874999999999995 0.181875 0.47562499999999996 0.184375 0.473125 0.195625 0.46875 0.20249999999999999 0.46875 0.206875 0.46624999999999994 0.209375
2 0.711875 0.365 0.6925 0.365 0.689375 0.3625 0.6875 0.36375 0.691875 0.37312500000000004 0.7006249999999999 0.381875 0.711875 0.384375 0.7268749999999999 0.395 0.734375 0.39375 0.75125 0.398125 0.75875 0.39625 0.76875 0.379375 0.7693749999999999 0.364375 0.7681250000000001 0.361875 0.764375 0.36124999999999996 0.7537499999999999 0.365 0.745625 0.365 0.735 0.369375 0.711875 0.365
2 0.660625 0.469375 0.6643749999999999 0.46875 0.6643749999999999 0.465 0.6575 0.4625 0.655 0.459375 0.6575 0.4525 0.6525000000000001 0.45187499999999997 0.650625 0.44749999999999995 0.64375 0.44437499999999996 0.6443749999999999 0.45062499999999994 0.63625 0.458125 0.63625 0.460625 0.660625 0.469375
2 0.66125 0.43 0.6675 0.43562500000000004 0.6725 0.44437499999999996 0.680625 0.448125 0.6849999999999999 0.4525 0.6975 0.45375 0.70875 0.46312499999999995 0.713125 0.4625 0.71875 0.46749999999999997 0.725625 0.469375 0.73 0.46749999999999997 0.7306250000000001 0.46187500000000004 0.7375 0.45375 0.740625 0.44000000000000006 0.745 0.4325 0.744375 0.41875 0.73375 0.415625 0.716875 0.406875 0.705 0.40499999999999997 0.70125 0.40125 0.6799999999999999 0.395625 0.67375 0.395625 0.67125 0.3975 0.665 0.39625 0.6625 0.3975 0.6625 0.403125 0.6575 0.40062499999999995 0.6575 0.40499999999999997 0.651875 0.414375 0.649375 0.42062499999999997 0.65 0.42625 0.654375 0.43 0.66125 0.43
2 0.56796875 0.4109375 0.0015625 0.00078125
2 0.473125 0.40062499999999995 0.480625 0.40125 0.48312499999999997 0.39875 0.485 0.38937499999999997 0.495 0.3725 0.501875 0.37875000000000003 0.5 0.383125 0.5 0.41187500000000005 0.50625 0.416875 0.509375 0.4225 0.52 0.42750000000000005 0.521875 0.4325 0.525625 0.429375 0.52625 0.4325 0.53125 0.42750000000000005 0.5443749999999999 0.42874999999999996 0.5425 0.43187499999999995 0.545625 0.426875 0.55 0.42750000000000005 0.551875 0.42062499999999997 0.54875 0.414375 0.55 0.410625 0.54125 0.4 0.54125 0.39375 0.55 0.40062499999999995 0.556875 0.398125 0.56875 0.40125 0.5706249999999999 0.40812499999999996 0.57125 0.40374999999999994 0.569375 0.401875 0.576875 0.39625 0.5775 0.390625 0.58125 0.38687499999999997 0.58125 0.385 0.576875 0.383125 0.576875 0.379375 0.58375 0.374375 0.588125 0.3675 0.58875 0.361875 0.591875 0.359375 0.5912499999999999 0.35125 0.596875 0.348125 0.600625 0.33187500000000003 0.6125 0.3125 0.618125 0.28625 0.623125 0.27625 0.6224999999999999 0.26625 0.615625 0.260625 0.610625 0.26187499999999997 0.605 0.258125 0.605 0.26125 0.600625 0.2625 0.596875 0.2575 0.59875 0.250625 0.57875 0.240625 0.57375 0.2425 0.5706249999999999 0.23937499999999998 0.56375 0.23937499999999998 0.560625 0.24312499999999998 0.55 0.244375 0.54125 0.240625 0.5425 0.234375 0.5375 0.23125 0.529375 0.2325 0.521875 0.22999999999999998 0.515625 0.23374999999999999 0.51125 0.23125 0.506875 0.2325 0.50125 0.22937500000000002 0.495 0.21937500000000001 0.48687500000000006 0.220625 0.479375 0.216875 0.47562499999999996 0.21937500000000001 0.47562499999999996 0.22312500000000002 0.473125 0.22562500000000002 0.46624999999999994 0.22749999999999998 0.47125000000000006 0.2325 0.47562499999999996 0.23312499999999997 0.47437500000000005 0.236875 0.46875 0.240625 0.46749999999999997 0.248125 0.46125 0.25 0.45625 0.254375 0.4575 0.26187499999999997 0.46125 0.26187499999999997 0.4625 0.26 0.46375 0.26296875000000003 0.46375 0.27375 0.4575 0.281875 0.45375 0.29874999999999996 0.44437499999999996 0.32 0.440625 0.32437499999999997 0.4375 0.35625 0.43499999999999994 0.36 0.43499999999999994 0.379375 0.45062499999999994 0.39249999999999996 0.46687500000000004 0.39625 0.473125 0.40062499999999995
2 0.52125 0.48312499999999997 0.52125 0.473125 0.51875 0.47437500000000005 0.514375 0.469375 0.51 0.46875 0.50875 0.47125000000000006 0.50125 0.473125 0.5 0.47625 0.504375 0.485 0.51875 0.48624999999999996 0.52125 0.48312499999999997
2 0.5287499999999999 0.44000000000000006 0.5275000000000001 0.441875 0.53125 0.4425 0.53125 0.440625 0.5287499999999999 0.44000000000000006
2 0.546875 0.45 0.5525 0.45062499999999994 0.556875 0.445625 0.5575 0.441875 0.5525 0.4375 0.5575 0.43624999999999997 0.5549999999999999 0.43499999999999994 0.54875 0.4375 0.54125 0.4375 0.54 0.43499999999999994 0.53625 0.43499999999999994 0.533125 0.441875 0.5325 0.445 0.535625 0.44437499999999996 0.54375 0.446875 0.546875 0.45
2 0.375625 0.5375 0.37875000000000003 0.5375 0.381875 0.5425 0.384375 0.5425 0.385 0.540625 0.39 0.54125 0.395 0.535625 0.4 0.52625 0.40125 0.515625 0.410625 0.50625 0.42125 0.5037499999999999 0.445 0.504375 0.449375 0.50125 0.46375 0.485 0.47562499999999996 0.46375 0.476875 0.449375 0.47375 0.445625 0.4525 0.43937499999999996 0.448125 0.43499999999999994 0.45062499999999994 0.429375 0.45625 0.425 0.480625 0.42750000000000005 0.48312499999999997 0.41624999999999995 0.47874999999999995 0.40750000000000003 0.46875 0.40125 0.44749999999999995 0.395625 0.441875 0.39249999999999996 0.43875000000000003 0.38687499999999997 0.42750000000000005 0.379375 0.406875 0.380625 0.40374999999999994 0.385625 0.403125 0.393125 0.39625 0.40499999999999997 0.38937499999999997 0.42750000000000005 0.385625 0.43187499999999995 0.379375 0.44625000000000004 0.374375 0.465625 0.37 0.473125 0.36124999999999996 0.503125 0.35562499999999997 0.515 0.354375 0.521875 0.356875 0.5287499999999999 0.36875 0.5325 0.375625 0.5375
2 0.37 0.34125 0.3725 0.344375 0.3725 0.348125 0.381875 0.35812499999999997 0.380625 0.3675 0.3825 0.37 0.40374999999999994 0.375 0.40499999999999997 0.37687499999999996 0.41312499999999996 0.37687499999999996 0.418125 0.375625 0.425 0.369375 0.42437500000000006 0.35562499999999997 0.415625 0.350625 0.406875 0.349375 0.398125 0.343125 0.3875 0.34375 0.38375 0.346875 0.379375 0.34562499999999996 0.375 0.34249999999999997 0.374375 0.335 0.3725 0.33375 0.37 0.335625 0.37374999999999997 0.335 0.374375 0.34187500000000004 0.37 0.34125
2 0.615 0.74875 0.61375 0.7525000000000001 0.619375 0.753125 0.62 0.75 0.615 0.74875
2 0.6331249999999999 0.68875 0.629375 0.694375 0.629375 0.6975 0.635 0.694375 0.63625 0.696875 0.6331249999999999 0.68875
2 0.516875 0.69625 0.525 0.7025 0.531875 0.7025 0.5287499999999999 0.70625 0.5287499999999999 0.7106250000000001 0.534375 0.7150000000000001 0.53625 0.71875 0.535625 0.723125 0.55 0.73 0.560625 0.73 0.5706249999999999 0.7224999999999999 0.57375 0.7268749999999999 0.571875 0.7375 0.589375 0.745 0.5996875 0.745 0.6025 0.7418750000000001 0.603125 0.745 0.605 0.7381249999999999 0.61 0.7381249999999999 0.615625 0.7462500000000001 0.619375 0.744375 0.62625 0.735 0.62625 0.725 0.6224999999999999 0.718125 0.625625 0.7162499999999999 0.6275000000000001 0.7112499999999999 0.63625 0.7112499999999999 0.639375 0.7068749999999999 0.63625 0.701875 0.6331249999999999 0.705 0.629375 0.70375 0.626875 0.69875 0.623125 0.701875 0.6174999999999999 0.70125 0.6174999999999999 0.694375 0.6131249999999999 0.68875 0.61625 0.685625 0.615625 0.681875 0.609375 0.6837500000000001 0.60375 0.6825 0.603125 0.68875 0.59875 0.691875 0.595 0.691875 0.5862499999999999 0.6837500000000001 0.579375 0.685625 0.57875 0.69625 0.576875 0.696875 0.5756249999999999 0.69375 0.566875 0.69375 0.5599999999999999 0.701875 0.560625 0.70625 0.556875 0.7112499999999999 0.5525 0.70875 0.55375 0.7025 0.55 0.69875 0.5475 0.69875 0.5443749999999999 0.6925 0.540625 0.6900000000000001 0.545625 0.6825 0.5443749999999999 0.680625 0.5425 0.680625 0.5431250000000001 0.685625 0.535625 0.683125 0.5325 0.685625 0.5287499999999999 0.683125 0.5275000000000001 0.68625 0.52625 0.685625 0.529375 0.689375 0.526875 0.6912499999999999 0.521875 0.690625 0.516875 0.69625
2 0.595 0.6756249999999999 0.598125 0.6775 0.598125 0.675 0.595 0.6756249999999999
2 0.545 0.673125 0.5425 0.67375 0.5425 0.6756249999999999 0.546875 0.6756249999999999 0.545 0.673125
2 0.46015625 0.66796875 0.00078125 0.00078125
2 0.500625 0.675 0.501875 0.6793750000000001 0.499375 0.681875 0.50125 0.6837500000000001 0.521875 0.6837500000000001 0.524375 0.680625 0.521875 0.670625 0.5175 0.676875 0.5118750000000001 0.676875 0.506875 0.66625 0.501875 0.6675 0.49874999999999997 0.670625 0.49437499999999995 0.670625 0.49375 0.673125 0.49000000000000005 0.675 0.49375 0.6756249999999999 0.49437499999999995 0.6775 0.49124999999999996 0.68125 0.495 0.676875 0.49749999999999994 0.6775 0.500625 0.675
2 0.545625 0.6681250000000001 0.5443749999999999 0.665625 0.54 0.663125 0.54 0.6675 0.5425 0.6693749999999999 0.545625 0.6681250000000001
2 0.45375 0.63375 0.45625 0.634375 0.45499999999999996 0.631875 0.45375 0.63375
2 0.529375 0.62625 0.525625 0.62625 0.5275000000000001 0.63 0.530625 0.629375 0.529375 0.62625
2 0.5575 0.6331249999999999 0.57125 0.625 0.57125 0.615625 0.5675 0.6118750000000001 0.566875 0.608125 0.5662499999999999 0.61375 0.5625 0.62 0.5575 0.624375 0.553125 0.623125 0.5506249999999999 0.62625 0.54875 0.629375 0.54875 0.639375 0.556875 0.641875 0.5575 0.6331249999999999
2 0.58375 0.6025 0.5862499999999999 0.603125 0.585 0.600625 0.58375 0.6025
2 0.47375 0.5912499999999999 0.46875 0.595 0.469375 0.6 0.473125 0.6 0.478125 0.595 0.47375 0.5912499999999999
2 0.42062499999999997 0.593125 0.42374999999999996 0.5912499999999999 0.421875 0.58875 0.42062499999999997 0.593125
2 0.39249999999999996 0.619375 0.3975 0.6174999999999999 0.40812499999999996 0.619375 0.410625 0.615625 0.418125 0.618125 0.418125 0.6125 0.415625 0.6075 0.418125 0.6 0.415625 0.598125 0.406875 0.6025 0.40437500000000004 0.608125 0.39875 0.608125 0.3975 0.61125 0.39625 0.608125 0.38687499999999997 0.6056250000000001 0.383125 0.6075 0.38 0.605 0.378125 0.6018749999999999 0.379375 0.598125 0.3775 0.5900000000000001 0.375625 0.588125 0.375625 0.608125 0.383125 0.615 0.38625 0.615 0.39249999999999996 0.619375
2 0.671875 0.52578125 0.0015625 0.00078125
2 0.623125 0.47562499999999996 0.6212500000000001 0.47625 0.6224999999999999 0.478125 0.625 0.47625 0.623125 0.47562499999999996
2 0.381875 0.29125 0.3725 0.289375 0.3725 0.3 0.38 0.299375 0.381875 0.296875 0.381875 0.29125
2 0.381875 0.278125 0.384375 0.27625 0.3825 0.275 0.380625 0.281875 0.384375 0.28312499999999996 0.384375 0.2796875 0.381875 0.278125
2 0.384375 0.2725 0.38687499999999997 0.273125 0.385625 0.270625 0.384375 0.2725
2 0.37124999999999997 0.54125 0.3725 0.546875 0.3775 0.5431250000000001 0.384375 0.545 0.38687499999999997 0.5425 0.39125 0.54625 0.39125 0.5575 0.3825 0.57375 0.3825 0.576875 0.385625 0.57875 0.395 0.57875 0.399375 0.57375 0.40499999999999997 0.57375 0.40812499999999996 0.56875 0.41125 0.56875 0.41375 0.571875 0.425 0.5706249999999999 0.429375 0.5743750000000001 0.42625 0.5818749999999999 0.421875 0.58375 0.421875 0.586875 0.425 0.5862499999999999 0.426875 0.588125 0.42625 0.591875 0.434375 0.591875 0.43499999999999994 0.5875 0.44125 0.584375 0.448125 0.576875 0.45375 0.58125 0.45375 0.58375 0.45999999999999996 0.585 0.459375 0.5806250000000001 0.46312499999999995 0.5775 0.46187500000000004 0.5743750000000001 0.46875 0.57125 0.469375 0.56375 0.47562499999999996 0.566875 0.48187499999999994 0.566875 0.485 0.571875 0.49124999999999996 0.5725 0.5 0.5775 0.501875 0.58125 0.496875 0.5862499999999999 0.488125 0.591875 0.48312499999999997 0.5912499999999999 0.48624999999999996 0.59875 0.484375 0.604375 0.480625 0.605 0.479375 0.608125 0.48312499999999997 0.614375 0.48187499999999994 0.624375 0.47874999999999995 0.629375 0.480625 0.6331249999999999 0.484375 0.629375 0.4875 0.629375 0.49124999999999996 0.6331249999999999 0.496875 0.626875 0.50125 0.6287499999999999 0.504375 0.62625 0.50125 0.624375 0.5037499999999999 0.615 0.49625 0.608125 0.499375 0.6012500000000001 0.50625 0.598125 0.505 0.595 0.5081249999999999 0.5912499999999999 0.5081249999999999 0.5825 0.51 0.57875 0.514375 0.58 0.515 0.593125 0.516875 0.5818749999999999 0.51875 0.58 0.525625 0.58 0.526875 0.58125 0.524375 0.58375 0.529375 0.589375 0.533125 0.584375 0.54125 0.588125 0.545 0.586875 0.5475 0.584375 0.545 0.58125 0.545625 0.576875 0.55 0.57875 0.55625 0.5775 0.5775 0.58875 0.583125 0.588125 0.5912499999999999 0.5912499999999999 0.59375 0.595625 0.586875 0.60375 0.58875 0.610625 0.6025 0.615 0.6025 0.619375 0.608125 0.6212500000000001 0.6168750000000001 0.620625 0.619375 0.623125 0.623125 0.623125 0.63625 0.63625 0.6287499999999999 0.645 0.624375 0.646875 0.63 0.646875 0.63625 0.64375 0.64125 0.65 0.64125 0.655 0.6475 0.6575 0.64375 0.6643749999999999 0.640625 0.6625 0.629375 0.6625 0.62625 0.6675 0.6331249999999999 0.6725 0.6431250000000001 0.66875 0.650625 0.670625 0.6537499999999999 0.6675 0.65125 0.665 0.65125 0.6587500000000001 0.655625 0.654375 0.654375 0.6381249999999999 0.6537499999999999 0.635 0.649375 0.634375 0.6475 0.63 0.650625 0.628125 0.654375 0.629375 0.65625 0.62625 0.660625 0.625 0.665625 0.62625 0.66625 0.621875 0.671875 0.62 0.6693749999999999 0.610625 0.665 0.608125 0.6599999999999999 0.6012500000000001 0.665 0.6018749999999999 0.67 0.59875 0.681875 0.58125 0.6875 0.57875 0.6956249999999999 0.5706249999999999 0.694375 0.56375 0.69625 0.5599999999999999 0.69375 0.55625 0.69375 0.54625 0.69875 0.5393749999999999 0.701875 0.5393749999999999 0.7025 0.535625 0.68875 0.5275000000000001 0.6849999999999999 0.5225 0.680625 0.521875 0.6756249999999999 0.525625 0.6693749999999999 0.520625 0.6725 0.51625 0.67375 0.50875 0.6725 0.50125 0.665625 0.49625 0.659375 0.495 0.655625 0.49000000000000005 0.6368750000000001 0.489375 0.628125 0.48312499999999997 0.623125 0.48312499999999997 0.62 0.478125 0.615 0.480625 0.59375 0.47062499999999996 0.579375 0.46749999999999997 0.57125 0.45875000000000005 0.57125 0.441875 0.566875 0.42874999999999996 0.5862499999999999 0.384375 0.584375 0.37312500000000004 0.591875 0.364375 0.59375 0.35750000000000004 0.598125 0.35562499999999997 0.600625 0.34562499999999996 0.600625 0.335 0.6075 0.32687499999999997 0.6212500000000001 0.276875 0.624375 0.273125 0.623125 0.26625 0.61125 0.2575 0.6125 0.254375 0.609375 0.255625 0.605 0.250625 0.5912499999999999 0.24562499999999998 0.58125 0.244375 0.5775 0.23937499999999998 0.57375 0.24312499999999998 0.5706249999999999 0.23937499999999998 0.556875 0.23937499999999998 0.5549999999999999 0.234375 0.5525 0.23374999999999999 0.545 0.234375 0.53625 0.23125 0.5193749999999999 0.2325 0.516875 0.234375 0.50875 0.23125 0.504375 0.2325 0.5 0.230625 0.50125 0.22562500000000002 0.49437499999999995 0.21875 0.48375 0.21875 0.479375 0.216875 0.47437500000000005 0.21937500000000001 0.473125 0.22312500000000002 0.47000000000000003 0.225 0.46624999999999994 0.22374999999999998 0.460625 0.22625 0.45187499999999997 0.225 0.446875 0.226875 0.446875 0.23625 0.4525 0.24562499999999998 0.449375 0.248125 0.441875 0.2475 0.4425 0.26437499999999997 0.43499999999999994 0.27 0.43375 0.27375 0.438125 0.285625 0.43624999999999997 0.29312499999999997 0.43187499999999995 0.2975 0.428125 0.29812500000000003 0.425 0.311875 0.41624999999999995 0.316875 0.415625 0.32 0.4225 0.33375 0.421875 0.34125 0.41624999999999995 0.346875 0.41624999999999995 0.35 0.425 0.35125 0.425625 0.34375 0.43375 0.343125 0.43375 0.364375 0.428125 0.375 0.425 0.37312500000000004 0.42437500000000006 0.36875 0.418125 0.375 0.410625 0.375 0.406875 0.378125 0.40625 0.384375 0.40374999999999994 0.38687499999999997 0.39625 0.409375 0.395 0.418125 0.38937499999999997 0.425625 0.379375 0.45625 0.375625 0.46125 0.375 0.46749999999999997 0.3725 0.469375 0.366875 0.48875 0.365 0.49000000000000005 0.36124999999999996 0.50625 0.35812499999999997 0.51 0.35562499999999997 0.5231250000000001 0.36124999999999996 0.5349999999999999 0.36625 0.53625 0.37124999999999997 0.54125
2 0.5706249999999999 0.725 0.579375 0.73 0.5974999999999999 0.73 0.60375 0.734375 0.605 0.7375 0.6131249999999999 0.7375 0.614375 0.733125 0.621875 0.7325 0.629375 0.7268749999999999 0.629375 0.711875 0.619375 0.704375 0.615625 0.70375 0.61375 0.696875 0.6018749999999999 0.6956249999999999 0.595 0.689375 0.591875 0.6912499999999999 0.5912499999999999 0.6975 0.5856250000000001 0.70125 0.57875 0.69875 0.563125 0.7006249999999999 0.556875 0.6956249999999999 0.553125 0.6956249999999999 0.5443749999999999 0.6975 0.540625 0.7025 0.538125 0.7150000000000001 0.540625 0.718125 0.55375 0.725 0.5706249999999999 0.725
2 0.615 0.685625 0.6174999999999999 0.685625 0.615625 0.683125 0.615 0.685625
2 0.5912499999999999 0.685625 0.593125 0.686875 0.595 0.686875 0.593125 0.680625 0.595 0.678125 0.6018749999999999 0.675 0.605 0.6775 0.6125 0.6756249999999999 0.6125 0.671875 0.605 0.67 0.6025 0.67375 0.6 0.670625 0.591875 0.6675 0.5900000000000001 0.670625 0.586875 0.6825 0.591875 0.681875 0.593125 0.684375 0.5912499999999999 0.685625
2 0.5599999999999999 0.6775 0.56375 0.686875 0.569375 0.686875 0.5743750000000001 0.680625 0.579375 0.678125 0.57875 0.6681250000000001 0.57375 0.6643749999999999 0.571875 0.6693749999999999 0.566875 0.6725 0.565625 0.67625 0.5599999999999999 0.6775
2 0.441875 0.49375 0.438125 0.496875 0.445 0.499375 0.446875 0.49749999999999994 0.445 0.49375 0.441875 0.49375
2 0.46125 0.47062499999999996 0.4625 0.473125 0.46312499999999995 0.468125 0.46125 0.47062499999999996
2 0.434375 0.46187500000000004 0.43375 0.46312499999999995 0.43624999999999997 0.46375 0.43624999999999997 0.46125 0.434375 0.46187500000000004
2 0.40499999999999997 0.45625 0.406875 0.460625 0.41375 0.46875 0.42062499999999997 0.47062499999999996 0.4225 0.46624999999999994 0.421875 0.45875000000000005 0.41937499999999994 0.45875000000000005 0.4175 0.4625 0.41375 0.46187500000000004 0.41375 0.4525 0.425 0.448125 0.429375 0.448125 0.44000000000000006 0.45562500000000006 0.438125 0.460625 0.449375 0.4575 0.45625 0.46312499999999995 0.458125 0.46125 0.46624999999999994 0.46312499999999995 0.47062499999999996 0.458125 0.47062499999999996 0.44749999999999995 0.46125 0.44437499999999996 0.45999999999999996 0.441875 0.45187499999999997 0.441875 0.448125 0.43937499999999996 0.43937499999999996 0.43187499999999995 0.43875000000000003 0.42874999999999996 0.4325 0.425625 0.43187499999999995 0.416875 0.42750000000000005 0.41875 0.4225 0.42625 0.40499999999999997 0.434375 0.405625 0.438125 0.40125 0.445625 0.40625 0.4525 0.40499999999999997 0.45625
2 0.43 0.40625 0.426875 0.40625 0.426875 0.40812499999999996 0.429375 0.40875000000000006 0.43 0.40625
2 0.4225 0.40625 0.425 0.398125 0.4225 0.4025 0.41875 0.40374999999999994 0.41937499999999994 0.405625 0.4225 0.40625
2 0.49375 0.595 0.49749999999999994 0.595 0.49437499999999995 0.59375 0.49375 0.595
2 0.426875 0.615 0.425 0.608125 0.43125 0.603125 0.4375 0.595 0.4375 0.5925 0.441875 0.589375 0.44312500000000005 0.584375 0.446875 0.5818749999999999 0.448125 0.5743750000000001 0.453125 0.5725 0.45375 0.595 0.446875 0.605 0.446875 0.609375 0.4425 0.6131249999999999 0.44312500000000005 0.619375 0.43937499999999996 0.628125 0.43187499999999995 0.635 0.41901785625 0.64 0.42000000000000004 0.64 0.420416875 0.6443749999999999 0.42750000000000005 0.6443749999999999 0.43187499999999995 0.639375 0.43562500000000004 0.639375 0.44625000000000004 0.6331249999999999 0.446875 0.63875 0.44437499999999996 0.6443749999999999 0.434375 0.656875 0.43499999999999994 0.6599999999999999 0.441875 0.660625 0.44437499999999996 0.655625 0.448125 0.654375 0.45187499999999997 0.6475 0.460625 0.64 0.46125 0.629375 0.4575 0.625625 0.458125 0.6212500000000001 0.46749999999999997 0.619375 0.46875 0.6118750000000001 0.473125 0.61 0.478125 0.599375 0.48312499999999997 0.595 0.49000000000000005 0.595 0.485 0.593125 0.485 0.58875 0.48875 0.5862499999999999 0.49124999999999996 0.58125 0.495 0.58125 0.4925 0.569375 0.49749999999999994 0.56375 0.49749999999999994 0.560625 0.48687500000000006 0.56125 0.48312499999999997 0.55625 0.48312499999999997 0.545625 0.478125 0.53125 0.480625 0.526875 0.495 0.52625 0.5 0.5237499999999999 0.503125 0.5193749999999999 0.50125 0.501875 0.49749999999999994 0.499375 0.496875 0.49437499999999995 0.49749999999999994 0.48125 0.50125 0.476875 0.50125 0.468125 0.49749999999999994 0.46875 0.49124999999999996 0.465625 0.489375 0.45999999999999996 0.480625 0.45375 0.47562499999999996 0.465 0.47062499999999996 0.469375 0.4625 0.48687500000000006 0.445 0.503125 0.415625 0.504375 0.405625 0.51125 0.40125 0.51625 0.39875 0.529375 0.39125 0.54125 0.38937499999999997 0.5587500000000001 0.379375 0.57375 0.375 0.585 0.375 0.608125 0.38 0.615 0.39249999999999996 0.6212500000000001 0.41875 0.62 0.42125 0.615 0.426875 0.615
2 0.665625 0.509375 0.665625 0.504375 0.66125 0.504375 0.6575 0.501875 0.654375 0.501875 0.654375 0.505 0.6575 0.50875 0.665625 0.509375
2 0.3725 0.33875 0.3725 0.343125 0.37374999999999997 0.340625 0.3725 0.33875
2 0.35812499999999997 0.32875 0.369375 0.33625 0.37312500000000004 0.33625 0.3725 0.3375 0.378125 0.33375 0.38125 0.33625 0.3825 0.3375 0.37687499999999996 0.346875 0.378125 0.350625 0.383125 0.35125 0.383125 0.35562499999999997 0.390625 0.368125 0.39875 0.37 0.4 0.3725 0.40625 0.375625 0.40625 0.388125 0.40374999999999994 0.39125 0.40625 0.40125 0.40374999999999994 0.403125 0.40062499999999995 0.40125 0.398125 0.42062499999999997 0.38937499999999997 0.42874999999999996 0.38937499999999997 0.43187499999999995 0.383125 0.441875 0.381875 0.45062499999999994 0.375625 0.46125 0.375 0.46749999999999997 0.37 0.47562499999999996 0.3675 0.48687500000000006 0.3625 0.496875 0.356875 0.521875 0.35812499999999997 0.525625 0.36124999999999996 0.5275000000000001 0.3625 0.534375 0.3725 0.548125 0.375625 0.55 0.378125 0.546875 0.38125 0.546875 0.3825 0.55 0.384375 0.55 0.38687499999999997 0.5425 0.39125 0.548125 0.39125 0.556875 0.3825 0.566875 0.375 0.58375 0.374375 0.61 0.381875 0.6174999999999999 0.38937499999999997 0.62 0.40374999999999994 0.6212500000000001 0.410625 0.625 0.41312499999999996 0.6212500000000001 0.4225 0.623125 0.425 0.629375 0.41875 0.6381249999999999 0.41375 0.639375 0.410625 0.6425 0.410625 0.645625 0.40812499999999996 0.64625 0.41 0.64625 0.41312499999999996 0.654375 0.4225 0.65125 0.42874999999999996 0.65625 0.43 0.660625 0.44312500000000005 0.660625 0.44375 0.656875 0.449375 0.65625 0.45187499999999997 0.6537499999999999 0.4525 0.6481250000000001 0.460625 0.6381249999999999 0.46125 0.631875 0.4575 0.6212500000000001 0.46875 0.619375 0.46875 0.61625 0.473125 0.614375 0.47625 0.6025 0.480625 0.598125 0.48375 0.5974999999999999 0.4875 0.6 0.500625 0.5974999999999999 0.504375 0.5862499999999999 0.50125 0.564375 0.506875 0.561875 0.51625 0.561875 0.521875 0.556875 0.524375 0.558125 0.524375 0.56375 0.531875 0.56375 0.540625 0.5675 0.556875 0.5662499999999999 0.560625 0.5625 0.57125 0.5662499999999999 0.57375 0.565625 0.5743750000000001 0.5625 0.576875 0.5625 0.57875 0.5706249999999999 0.57625 0.57375 0.579375 0.57875 0.598125 0.58125 0.6025 0.579375 0.605 0.5818749999999999 0.605 0.58875 0.609375 0.58875 0.6287499999999999 0.598125 0.639375 0.598125 0.64125 0.59375 0.64125 0.5862499999999999 0.639375 0.58375 0.62625 0.5818749999999999 0.6125 0.571875 0.605 0.57125 0.6018749999999999 0.5675 0.596875 0.5675 0.591875 0.57125 0.5900000000000001 0.5706249999999999 0.584375 0.564375 0.56375 0.5575 0.5575 0.5525 0.5525 0.553125 0.55 0.558125 0.540625 0.5575 0.53625 0.55375 0.5337500000000001 0.546875 0.5287499999999999 0.545625 0.5237499999999999 0.5475 0.520625 0.545 0.520625 0.5425 0.530625 0.529375 0.530625 0.525625 0.52625 0.521875 0.52625 0.5193749999999999 0.52125 0.51875 0.520625 0.5237499999999999 0.5175 0.52625 0.5193749999999999 0.5287499999999999 0.516875 0.529375 0.50125 0.51 0.501875 0.501875 0.49749999999999994 0.496875 0.49749999999999994 0.49000000000000005 0.5 0.4875 0.5225 0.489375 0.5325 0.49375 0.5431250000000001 0.4875 0.545 0.47625 0.540625 0.47375 0.53125 0.47562499999999996 0.525625 0.46875 0.5193749999999999 0.46624999999999994 0.51625 0.460625 0.506875 0.4525 0.5118750000000001 0.449375 0.5193749999999999 0.45 0.536875 0.445625 0.54125 0.44749999999999995 0.545625 0.45375 0.5525 0.45499999999999996 0.5625 0.438125 0.566875 0.436875 0.5662499999999999 0.4175 0.5706249999999999 0.41125 0.57375 0.39249999999999996 0.58125 0.385625 0.583125 0.380625 0.5775 0.379375 0.575 0.375625 0.57875 0.3725 0.576875 0.3625 0.579375 0.356875 0.58375 0.353125 0.5818749999999999 0.348125 0.58375 0.344375 0.5900000000000001 0.34562499999999996 0.598125 0.338125 0.6 0.32937500000000003 0.6125 0.3075 0.6125 0.29125 0.62 0.27875 0.619375 0.26625 0.608125 0.26437499999999997 0.605 0.26875 0.5912499999999999 0.259375 0.58 0.2575 0.57375 0.25 0.5625 0.2475 0.5431250000000001 0.246875 0.53125 0.23937499999999998 0.505 0.23562500000000003 0.499375 0.2325 0.49000000000000005 0.23125 0.480625 0.22625 0.476875 0.22875 0.46125 0.22625 0.45062499999999994 0.22749999999999998 0.446875 0.22999999999999998 0.446875 0.23500000000000001 0.45187499999999997 0.2425 0.45187499999999997 0.24562499999999998 0.448125 0.2475 0.4375 0.240625 0.42750000000000005 0.23937499999999998 0.410625 0.22875 0.37 0.21625 0.365 0.21625 0.35625 0.21875 0.344375 0.22875 0.343125 0.25187499999999996 0.33375 0.26187499999999997 0.3225 0.2875 0.321875 0.296875 0.325625 0.31 0.34249999999999997 0.32437499999999997 0.35812499999999997 0.32875
2 0.45375 0.289375 0.44437499999999996 0.31375000000000003 0.441875 0.31625000000000003 0.43499999999999994 0.315625 0.43 0.320625 0.43187499999999995 0.3275 0.43499999999999994 0.3275 0.438125 0.33125 0.43624999999999997 0.35562499999999997 0.4325 0.366875 0.434375 0.37875000000000003 0.45 0.393125 0.469375 0.39875 0.47062499999999996 0.40062499999999995 0.480625 0.40125 0.48312499999999997 0.39875 0.49000000000000005 0.379375 0.496875 0.37 0.504375 0.37687499999999996 0.50125 0.3825 0.5 0.3975 0.505 0.40812499999999996 0.515 0.415625 0.52125 0.416875 0.5225 0.418125 0.5193749999999999 0.421875 0.529375 0.42374999999999996 0.534375 0.426875 0.540625 0.426875 0.5475 0.41875 0.545625 0.4125 0.546875 0.40625 0.5425 0.40062499999999995 0.5425 0.396875 0.546875 0.39625 0.5506249999999999 0.398125 0.556875 0.395625 0.560625 0.398125 0.566875 0.398125 0.5706249999999999 0.3975 0.57375 0.39375 0.5756249999999999 0.37687499999999996 0.584375 0.369375 0.584375 0.356875 0.598125 0.33625 0.598125 0.33187500000000003 0.605 0.318125 0.6125 0.30874999999999997 0.615625 0.2875 0.62 0.27999999999999997 0.6212500000000001 0.26875 0.614375 0.26437499999999997 0.600625 0.265 0.5900000000000001 0.256875 0.5818749999999999 0.24625 0.5706249999999999 0.24312499999999998 0.56375 0.24375 0.5599999999999999 0.24625 0.548125 0.24562499999999998 0.538125 0.2425 0.534375 0.234375 0.525625 0.2325 0.520625 0.23562500000000003 0.5131249999999999 0.23562500000000003 0.501875 0.23125 0.4925 0.22999999999999998 0.480625 0.221875 0.475 0.22749999999999998 0.465 0.22875 0.46312499999999995 0.23125 0.460625 0.22749999999999998 0.458125 0.22749999999999998 0.458125 0.231875 0.4525 0.23374999999999999 0.4525 0.238125 0.45999999999999996 0.240625 0.4575 0.248125 0.45062499999999994 0.254375 0.45187499999999997 0.26375000000000004 0.4425 0.271875 0.4425 0.27875 0.446875 0.28312499999999996 0.449375 0.28312499999999996 0.45375 0.289375
2 0.55625 0.42265625 0.0015625 0.0015625
2 0.35812499999999997 0.32875 0.365 0.3325 0.378125 0.33375 0.380625 0.33625 0.393125 0.33875 0.4025 0.34375 0.40374999999999994 0.34562499999999996 0.401875 0.35125 0.39375 0.346875 0.38937499999999997 0.348125 0.39125 0.35 0.39125 0.353125 0.3875 0.355 0.38937499999999997 0.36875 0.4025 0.3725 0.41375 0.380625 0.428125 0.379375 0.43937499999999996 0.39249999999999996 0.44749999999999995 0.3975 0.46312499999999995 0.399375 0.471875 0.40374999999999994 0.48312499999999997 0.405625 0.4875 0.384375 0.49749999999999994 0.369375 0.504375 0.3775 0.50125 0.385625 0.50125 0.40125 0.504375 0.41312499999999996 0.50875 0.41312499999999996 0.521875 0.42750000000000005 0.516875 0.4325 0.52125 0.43 0.5225 0.43375 0.526875 0.43499999999999994 0.529375 0.4325 0.526875 0.42874999999999996 0.528125 0.426875 0.5393749999999999 0.42750000000000005 0.545 0.43187499999999995 0.5506249999999999 0.42874999999999996 0.5525 0.42062499999999997 0.548125 0.415625 0.548125 0.410625 0.55 0.410625 0.5475 0.41 0.545 0.403125 0.55625 0.396875 0.5587500000000001 0.39875 0.57125 0.39875 0.5756249999999999 0.39375 0.5775 0.38687499999999997 0.576875 0.378125 0.583125 0.37374999999999997 0.588125 0.36625 0.5900000000000001 0.349375 0.598125 0.33625 0.6056250000000001 0.316875 0.6125 0.30874999999999997 0.615 0.28875 0.62 0.27999999999999997 0.6212500000000001 0.26875 0.619375 0.265 0.6131249999999999 0.26187499999999997 0.600625 0.26437499999999997 0.5962500000000001 0.26 0.5862499999999999 0.255625 0.58125 0.246875 0.56875 0.244375 0.563125 0.24625 0.54875 0.24625 0.538125 0.24312499999999998 0.52625 0.23562500000000003 0.5131249999999999 0.236875 0.49874999999999997 0.23125 0.49000000000000005 0.23125 0.484375 0.22625 0.479375 0.22625 0.475 0.22875 0.4525 0.22625 0.449375 0.23125 0.449375 0.236875 0.45375 0.244375 0.448125 0.2475 0.4375 0.240625 0.43 0.23937499999999998 0.410625 0.22875 0.37 0.21625 0.3625 0.21625 0.351875 0.221875 0.34375 0.22999999999999998 0.34375 0.25 0.33375 0.260625 0.3225 0.285625 0.323125 0.3075 0.3275 0.31437499999999996 0.348125 0.32687499999999997 0.35812499999999997 0.32875
2 0.5443749999999999 0.53625 0.5431250000000001 0.5325 0.5375 0.5325 0.538125 0.54 0.5425 0.540625 0.5443749999999999 0.53625
2 0.5375 0.5237499999999999 0.565625 0.53125 0.58125 0.5375 0.5862499999999999 0.5375 0.589375 0.540625 0.599375 0.5425 0.600625 0.5443749999999999 0.609375 0.545 0.618125 0.55 0.626875 0.5506249999999999 0.6443749999999999 0.5575 0.661875 0.560625 0.67375 0.5662499999999999 0.68125 0.5662499999999999 0.686875 0.560625 0.6849999999999999 0.555625 0.6799999999999999 0.5525 0.673125 0.5506249999999999 0.665625 0.545625 0.658125 0.5443749999999999 0.64625 0.53625 0.618125 0.524375 0.609375 0.524375 0.605 0.521875 0.594375 0.520625 0.57625 0.51125 0.548125 0.503125 0.5375 0.496875 0.50125 0.49000000000000005 0.5 0.49749999999999994 0.5081249999999999 0.505 0.51125 0.5118750000000001 0.5375 0.5237499999999999
2 0.45187499999999997 0.39249999999999996 0.47625 0.40062499999999995 0.480625 0.39875 0.49000000000000005 0.378125 0.499375 0.364375 0.501875 0.34187500000000004 0.504375 0.335625 0.5081249999999999 0.335 0.506875 0.305 0.5193749999999999 0.254375 0.51625 0.240625 0.51375 0.2375 0.505 0.234375 0.485 0.23374999999999999 0.47437500000000005 0.23562500000000003 0.469375 0.23937499999999998 0.46749999999999997 0.24625 0.46125 0.250625 0.46375 0.255625 0.465 0.2725 0.45625 0.28312499999999996 0.44437499999999996 0.321875 0.441875 0.323125 0.441875 0.330625 0.4375 0.34125 0.436875 0.355 0.4325 0.369375 0.43499999999999994 0.379375 0.45187499999999997 0.39249999999999996
2 0.2078125 0.709375 0.00390625 0.00078125
2 0.173125 0.58125 0.17625 0.5818749999999999 0.174375 0.576875 0.173125 0.58125
2 0 0.5743750000000001 0.005 0.5775 0.005 0.585 0.011875 0.595 0.014374999999999999 0.595 0.033125 0.608125 0.035625000000000004 0.6125 0.041875 0.615 0.045 0.62 0.053125 0.62 0.056874999999999995 0.618125 0.061250000000000006 0.625 0.06999999999999999 0.626875 0.080625 0.63375 0.0975 0.6368750000000001 0.10375000000000001 0.64125 0.11687499999999999 0.6443749999999999 0.12250000000000001 0.649375 0.130625 0.649375 0.1375 0.655625 0.143125 0.6575 0.15375 0.658125 0.16499999999999998 0.6625 0.173125 0.663125 0.176875 0.67 0.18937500000000002 0.6675 0.20625 0.670625 0.20812499999999998 0.6725 0.23625 0.6756249999999999 0.26437499999999997 0.6849999999999999 0.27375 0.6837500000000001 0.299375 0.6912499999999999 0.319375 0.69375 0.323125 0.69625 0.34125 0.6975 0.35625 0.70375 0.364375 0.70375 0.369375 0.70625 0.37625000000000003 0.705 0.388125 0.70875 0.3975 0.70875 0.39875 0.7068749999999999 0.39249999999999996 0.69875 0.385 0.696875 0.37124999999999997 0.685625 0.32999999999999996 0.665625 0.313125 0.6625 0.29312499999999997 0.650625 0.28375 0.6425 0.26875 0.63625 0.22999999999999998 0.61 0.220625 0.6068749999999999 0.21437499999999998 0.600625 0.203125 0.5974999999999999 0.20249999999999999 0.595 0.18687499999999999 0.5862499999999999 0.169375 0.5862499999999999 0.16625 0.58375 0.1675 0.57375 0.159375 0.57375 0.1575 0.57875 0.150625 0.5743750000000001 0.14937499999999998 0.585 0.139375 0.585 0.12875 0.57875 0.11937500000000001 0.576875 0.11187499999999999 0.57125 0.10874999999999999 0.57125 0.109375 0.566875 0.099375 0.560625 0.079375 0.558125 0.075 0.5625 0.06687499999999999 0.5625 0.050624999999999996 0.5575 0.04375 0.5575 0.040625 0.553125 0.01125 0.5506249999999999 0.0025 0.5475 0 0.5475 0 0.5743750000000001
2 0.61 0.785625 0.6125 0.7875 0.6125 0.779375 0.61 0.785625
2 0.479375 0.71375 0.480625 0.7162499999999999 0.49124999999999996 0.7150000000000001 0.504375 0.7275 0.5175 0.728125 0.5193749999999999 0.73 0.5193749999999999 0.7375 0.530625 0.7375 0.530625 0.733125 0.5349999999999999 0.72875 0.5443749999999999 0.7306250000000001 0.5475 0.734375 0.54875 0.75125 0.5575 0.75875 0.5706249999999999 0.765 0.57375 0.771875 0.585 0.774375 0.586875 0.7787499999999999 0.5912499999999999 0.779375 0.595 0.7825 0.605 0.7775000000000001 0.60875 0.7775000000000001 0.614375 0.7725 0.6131249999999999 0.756875 0.619375 0.75125 0.6174999999999999 0.746875 0.6224999999999999 0.74 0.62625 0.74 0.628125 0.73375 0.634375 0.725 0.635 0.713125 0.63125 0.7025 0.634375 0.69875 0.64 0.696875 0.641875 0.6875 0.646875 0.685625 0.64625 0.6756249999999999 0.6425 0.6743750000000001 0.639375 0.666875 0.64375 0.659375 0.65125 0.654375 0.654375 0.654375 0.654375 0.645625 0.6575 0.64375 0.655625 0.635 0.650625 0.634375 0.6487499999999999 0.629375 0.64375 0.629375 0.64125 0.626875 0.6425 0.623125 0.646875 0.623125 0.646875 0.615625 0.6443749999999999 0.6118750000000001 0.645625 0.6018749999999999 0.64375 0.6 0.64125 0.603125 0.626875 0.6018749999999999 0.614375 0.595625 0.6018749999999999 0.59375 0.595 0.58875 0.58 0.586875 0.571875 0.579375 0.566875 0.5775 0.563125 0.57875 0.5575 0.57625 0.5387500000000001 0.576875 0.5337500000000001 0.571875 0.5225 0.5743750000000001 0.516875 0.571875 0.51125 0.5725 0.51125 0.58125 0.5037499999999999 0.6 0.495 0.605 0.49000000000000005 0.610625 0.48875 0.62 0.48687500000000006 0.623125 0.484375 0.623125 0.4875 0.62625 0.480625 0.63 0.47625 0.639375 0.47625 0.665 0.47874999999999995 0.66875 0.475 0.670625 0.46125 0.670625 0.460625 0.675 0.45625 0.6775 0.4525 0.6849999999999999 0.45187499999999997 0.6956249999999999 0.45562500000000006 0.69875 0.47562499999999996 0.713125 0.479375 0.71375
2 0.66625 0.56375 0.660625 0.56375 0.663125 0.5675 0.66625 0.566875 0.66625 0.56375
2 0.6425 0.533125 0.655625 0.5375 0.66125 0.5425 0.670625 0.5475 0.675 0.5475 0.680625 0.5525 0.6825 0.555625 0.680625 0.56375 0.6849999999999999 0.565625 0.68875 0.565625 0.69625 0.560625 0.696875 0.5525 0.70375 0.5393749999999999 0.7112499999999999 0.5325 0.71 0.525625 0.70625 0.520625 0.711875 0.51125 0.696875 0.504375 0.691875 0.504375 0.6799999999999999 0.49437499999999995 0.680625 0.49124999999999996 0.67875 0.49000000000000005 0.6725 0.490625 0.675 0.51125 0.6725 0.51625 0.666875 0.520625 0.635625 0.516875 0.625 0.506875 0.618125 0.506875 0.615625 0.51125 0.615625 0.525625 0.6212500000000001 0.5225 0.64 0.5237499999999999 0.6425 0.533125
2 0.629375 0.476875 0.6381249999999999 0.47625 0.6331249999999999 0.47437500000000005 0.629375 0.476875
2 0.33625 0.681875 0.33875 0.681875 0.338125 0.680625 0.33625 0.681875
2 0.305 0.665625 0.306875 0.6675 0.316875 0.671875 0.32 0.6725 0.321875 0.670625 0.328125 0.673125 0.330625 0.680625 0.335625 0.6799999999999999 0.338125 0.67625 0.34375 0.6756249999999999 0.34249999999999997 0.673125 0.32999999999999996 0.6675 0.3275 0.6725 0.325 0.670625 0.32437499999999997 0.66625 0.303125 0.6575 0.3 0.6575 0.3 0.660625 0.305625 0.659375 0.305 0.665625
2 0.13187500000000002 0.63375 0.13374999999999998 0.634375 0.133125 0.6331249999999999 0.13187500000000002 0.63375
2 0.150625 0.63125 0.15 0.63375 0.15437499999999998 0.63625 0.15437499999999998 0.631875 0.150625 0.63125
2 0.178125 0.623125 0.174375 0.634375 0.1825 0.629375 0.1825 0.625 0.178125 0.623125
2 0.240625 0.62 0.23937499999999998 0.62625 0.24500000000000002 0.6287499999999999 0.248125 0.63375 0.254375 0.63625 0.2575 0.646875 0.26375000000000004 0.64625 0.26625 0.6487499999999999 0.275625 0.649375 0.27875 0.6537499999999999 0.28625 0.655625 0.29312499999999997 0.65625 0.296875 0.654375 0.29375 0.6537499999999999 0.290625 0.649375 0.28250000000000003 0.646875 0.27999999999999997 0.6425 0.273125 0.639375 0.26187499999999997 0.63 0.255625 0.628125 0.234375 0.615 0.22999999999999998 0.61625 0.23562500000000003 0.6224999999999999 0.238125 0.618125 0.240625 0.62
2 0.11187499999999999 0.598125 0.11625 0.59875 0.115625 0.595 0.11187499999999999 0.598125
2 0 0.605 0.008749999999999999 0.61 0.01875 0.62 0.03 0.62625 0.034375 0.63 0.034999999999999996 0.6331249999999999 0.048125 0.64 0.06 0.65125 0.0775 0.6625 0.08875 0.675 0.10687500000000001 0.686875 0.109375 0.6912499999999999 0.113125 0.691875 0.12125 0.7006249999999999 0.141875 0.713125 0.175625 0.72 0.185 0.72 0.20249999999999999 0.725 0.21000000000000002 0.725 0.22875 0.7318749999999999 0.250625 0.733125 0.26625 0.7375 0.2925 0.740625 0.313125 0.7474999999999999 0.3375 0.75125 0.35 0.75125 0.37 0.7581249999999999 0.393125 0.76125 0.42625 0.7693749999999999 0.4425 0.77125 0.44749999999999995 0.7737499999999999 0.45999999999999996 0.774375 0.476875 0.779375 0.49749999999999994 0.78125 0.515 0.7875 0.525625 0.7875 0.5431250000000001 0.7925 0.5549999999999999 0.7931250000000001 0.579375 0.8006249999999999 0.6018749999999999 0.8025 0.605 0.8 0.596875 0.79125 0.588125 0.7875 0.58375 0.783125 0.5743750000000001 0.780625 0.5662499999999999 0.775625 0.5575 0.76625 0.54875 0.764375 0.5425 0.759375 0.538125 0.75875 0.535625 0.754375 0.53125 0.7537499999999999 0.520625 0.7474999999999999 0.51375 0.74 0.509375 0.739375 0.49749999999999994 0.73 0.490625 0.73125 0.46312499999999995 0.70875 0.453125 0.70375 0.449375 0.70375 0.43375 0.691875 0.42437500000000006 0.6912499999999999 0.415625 0.685625 0.39625 0.6849999999999999 0.39 0.680625 0.379375 0.67875 0.374375 0.684375 0.379375 0.6925 0.36625 0.701875 0.348125 0.6975 0.33125 0.696875 0.3275 0.691875 0.31062500000000004 0.68875 0.31124999999999997 0.685625 0.30765625 0.685625 0.306875 0.688125 0.3040625 0.685625 0.29312499999999997 0.685625 0.29125 0.6837500000000001 0.28125 0.6825 0.28125 0.6775 0.28375 0.675 0.28312499999999996 0.671875 0.27937500000000004 0.6693749999999999 0.270625 0.6756249999999999 0.263125 0.6756249999999999 0.263125 0.67 0.26749999999999996 0.67 0.2725 0.6643749999999999 0.2725 0.660625 0.26187499999999997 0.654375 0.255 0.6537499999999999 0.24937499999999999 0.649375 0.2325 0.649375 0.23374999999999999 0.655625 0.23125 0.665 0.22999999999999998 0.6643749999999999 0.23374999999999999 0.6675 0.230625 0.6693749999999999 0.20812499999999998 0.6693749999999999 0.20437500000000003 0.666875 0.20249999999999999 0.6625 0.19437500000000002 0.6625 0.1825 0.6575 0.17124999999999999 0.6575 0.16625 0.6525000000000001 0.16 0.655625 0.15562499999999999 0.65125 0.13999999999999999 0.6487499999999999 0.12562500000000001 0.64125 0.11937500000000001 0.64125 0.1125 0.634375 0.096875 0.634375 0.09375 0.63125 0.08625000000000001 0.629375 0.08375 0.62625 0.0775 0.625 0.07375000000000001 0.62 0.065 0.62 0.059375 0.615 0.048125 0.614375 0.046875 0.608125 0.04375 0.60625 0.043125000000000004 0.6 0.039375 0.595 0.026250000000000002 0.593125 0.0225 0.586875 0.017499999999999998 0.58375 0.016875 0.5775 0.013125000000000001 0.57375 0.013125000000000001 0.57125 0.0043749999999999995 0.5706249999999999 0 0.57125 0 0.605
2 0 0.565625 0.003125 0.56375 0.00125 0.558125 0 0.565625
2 0 0.548125 0.003125 0.5506249999999999 0.014374999999999999 0.5506249999999999 0.026250000000000002 0.556875 0.05500000000000001 0.56375 0.06875 0.571875 0.079375 0.571875 0.0775 0.576875 0.08249999999999999 0.58125 0.079375 0.588125 0.080625 0.59375 0.094375 0.6018749999999999 0.10124999999999999 0.6 0.09812499999999999 0.595 0.1 0.589375 0.095625 0.586875 0.099375 0.584375 0.10124999999999999 0.576875 0.1125 0.576875 0.11750000000000001 0.579375 0.12250000000000001 0.586875 0.12687500000000002 0.586875 0.12875 0.5912499999999999 0.139375 0.5900000000000001 0.143125 0.59375 0.145625 0.59375 0.153125 0.605 0.15687500000000001 0.6068749999999999 0.161875 0.605 0.1675 0.608125 0.174375 0.595 0.18625 0.59375 0.19437500000000002 0.598125 0.199375 0.5974999999999999 0.2 0.6018749999999999 0.20812499999999998 0.6068749999999999 0.215625 0.610625 0.220625 0.61 0.225 0.614375 0.22875 0.614375 0.22749999999999998 0.610625 0.220625 0.608125 0.21000000000000002 0.598125 0.205625 0.598125 0.198125 0.59375 0.19 0.5862499999999999 0.185 0.576875 0.17875000000000002 0.576875 0.16999999999999998 0.571875 0.13125 0.5625 0.12375 0.5587500000000001 0.103125 0.5549999999999999 0.08375 0.54875 0.043125000000000004 0.5425 0.026250000000000002 0.5375 0.025 0.535625 0.015625 0.5349999999999999 0.008125 0.53125 0 0.53125 0 0.548125
2 0.650625 0.49000000000000005 0.6575 0.495 0.6681250000000001 0.495 0.671875 0.49749999999999994 0.6756249999999999 0.50875 0.680625 0.510625 0.67875 0.514375 0.680625 0.52125 0.68875 0.525625 0.69875 0.52625 0.70625 0.5325 0.708125 0.530625 0.71 0.5325 0.7068749999999999 0.52125 0.7162499999999999 0.51125 0.71875 0.505 0.723125 0.5037499999999999 0.723125 0.495 0.7275 0.49124999999999996 0.72875 0.49874999999999997 0.73 0.5 0.7318749999999999 0.49749999999999994 0.7318749999999999 0.49124999999999996 0.728125 0.48375 0.7306250000000001 0.471875 0.735 0.464375 0.735 0.45875000000000005 0.725 0.45875000000000005 0.723125 0.45625 0.7125 0.45375 0.705 0.449375 0.6975 0.449375 0.69375 0.45375 0.6799999999999999 0.45375 0.678125 0.45187499999999997 0.6799999999999999 0.449375 0.67625 0.45 0.678125 0.44749999999999995 0.663125 0.4525 0.65125 0.446875 0.641875 0.445625 0.63625 0.449375 0.631875 0.468125 0.63125 0.47625 0.6431250000000001 0.48375 0.64625 0.489375 0.650625 0.49000000000000005
2 0.6643749999999999 0.44312500000000005 0.660625 0.445 0.67 0.446875 0.6693749999999999 0.44437499999999996 0.6643749999999999 0.44312500000000005
2 0.51875 0.63515625 0.00078125 0.0015625
2 0.639375 0.6131249999999999 0.6368750000000001 0.615625 0.63625 0.619375 0.639375 0.619375 0.64125 0.615 0.639375 0.6131249999999999
2 0.55375 0.64625 0.5549999999999999 0.6575 0.5506249999999999 0.670625 0.5506249999999999 0.681875 0.546875 0.685625 0.5393749999999999 0.6837500000000001 0.535625 0.6756249999999999 0.5337500000000001 0.6775 0.525625 0.676875 0.524375 0.6799999999999999 0.52625 0.6849999999999999 0.531875 0.68875 0.5325 0.6912499999999999 0.5393749999999999 0.69375 0.5425 0.6975 0.54 0.705 0.535625 0.71 0.538125 0.718125 0.54375 0.71875 0.5525 0.723125 0.555625 0.73 0.564375 0.73625 0.56375 0.7375 0.5743750000000001 0.7306250000000001 0.588125 0.7325 0.591875 0.7375 0.598125 0.73625 0.609375 0.7474999999999999 0.6174999999999999 0.7381249999999999 0.6224999999999999 0.73625 0.62625 0.7375 0.625 0.73625 0.63 0.7275 0.628125 0.7175 0.63 0.7162499999999999 0.6331249999999999 0.718125 0.634375 0.7150000000000001 0.63375 0.709375 0.6287499999999999 0.701875 0.635 0.696875 0.64 0.696875 0.64125 0.689375 0.645625 0.685625 0.6443749999999999 0.678125 0.64 0.670625 0.631875 0.6693749999999999 0.629375 0.665 0.63125 0.6625 0.64 0.660625 0.646875 0.655625 0.649375 0.650625 0.649375 0.645 0.654375 0.639375 0.639375 0.63 0.629375 0.628125 0.62625 0.623125 0.619375 0.62 0.610625 0.62 0.6056250000000001 0.6174999999999999 0.6 0.6131249999999999 0.598125 0.6056250000000001 0.591875 0.6018749999999999 0.579375 0.603125 0.57375 0.6075 0.5706249999999999 0.62625 0.563125 0.634375 0.558125 0.63625 0.55375 0.64625