2 0 0.30851715625 0.0048859937499999995 0.30851715625 0.0061074921875 0.309742646875 0.0034609124999999998 0.3177083328125 0.0054967421875 0.322303921875 0.0054967421875 0.323835784375 0.00834690625 0.327818628125 0.0103827359375 0.3287377453125 0.0118078171875 0.33057597968749997 0.0223941375 0.33486519531250003 0.027687296875 0.33976715625 0.029315960937500003 0.33976715625 0.0317589578125 0.342524509375 0.0327768734375 0.3455882359375 0.0342019546875 0.344056371875 0.039698696875 0.344056371875 0.043566775 0.3489583328125 0.0482491859375 0.3501838234375 0.054153093750000006 0.3498774515625 0.05456026093750001 0.35079656875 0.056596090625 0.35079656875 0.059649837500000004 0.3532475484375 0.061482084375 0.3532475484375 0.0616856671875 0.3541666671875 0.067793159375 0.3547794125 0.0696254078125 0.356617646875 0.071254071875 0.35692402031250003 0.07369706875000001 0.3599877453125 0.07960097656250001 0.36182597968749997 0.08122964218749999 0.36335784375 0.08570846875 0.3642769609375 0.09263029375000001 0.36948529375 0.0960912046875 0.3700980390625 0.0975162859375 0.3685661765625 0.0981270359375 0.3670343140625 0.0981270359375 0.3609068625 0.09710912031249999 0.3446691171875 0.0960912046875 0.34129902031250003 0.095887621875 0.3330269609375 0.0936482078125 0.326899509375 0.09263029375000001 0.32138480468749997 0.09201954375 0.3075980390625 0.0914087953125 0.3072916671875 0.09079804531249999 0.3033088234375 0.090187296875 0.3030024515625 0.090187296875 0.301164215625 0.088762215625 0.2974877453125 0.0850977203125 0.294117646875 0.0816368078125 0.294117646875 0.0785830625 0.2907475484375 0.0757328984375 0.28982843125 0.0749185671875 0.28829656875 0.07267915312499999 0.28829656875 0.0724755703125 0.2873774515625 0.06677524375 0.28829656875 0.0612785015625 0.281556371875 0.051302931249999996 0.27726715625 0.051099348437500004 0.2763480390625 0.04214169375 0.271446078125 0.0419381109375 0.2705269609375 0.0380700328125 0.26960784375 0.0350162859375 0.2665441171875 0.0317589578125 0.2662377453125 0.0191368078125 0.2610294125 0.0146579796875 0.25704656875 0.0054967421875 0.2545955875 0.0022394140625 0.2552083328125 0.0016286640625000001 0.2561274515625 0 0.2561274515625 0 0.2873774515625 0.00142508125 0.2873774515625 0.0026465796875 0.289522059375 0.00142508125 0.2916666671875 0 0.2916666671875 0 0.30851715625
2 0 0.237438725 0.0016286640625000001 0.237438725 0.0016286640625000001 0.23100490156250003 0 0.23100490156250003 0 0.237438725
2 0 0.230085784375 0.0016286640625000001 0.230085784375 0.0032573296875 0.22732843125 0.0016286640625000001 0.22334558750000003 0 0.22334558750000003 0 0.230085784375
2 0.7066368078124999 0.125306371875 0.7066368078124999 0.1302083328125 0.70724755625 0.1295955875 0.70724755625 0.126225490625 0.7066368078124999 0.125306371875
2 0.62927524375 0.073835784375 0.6282573296875 0.0744485296875 0.629478828125 0.075367646875 0.632328990625 0.0744485296875 0.62927524375 0.073835784375
2 0.61640625 0.0328125 0.00078125 0.00078125
2 0.6999185671875 0.020526960937499998 0.6999185671875 0.015625 0.6993078171875 0.015318628125 0.6982899015624999 0.015318628125 0.6982899015624999 0.01960784375 0.6993078171875 0.021446078125 0.6999185671875 0.020526960937499998
2 0.69238599375 0.00857843125 0.6964576546875 0.00857843125 0.6938110749999999 0.0079656859375 0.69238599375 0.00857843125
2 0.71986970625 0 0.719462540625 0.0021446078125 0.7168159609375 0.0036764703125 0.7143729640625 0.002757353125 0.71355863125 0 0.71355863125 0.0015318625 0.710301303125 0.0052083328125 0.7100977203125 0.0091911765625 0.70785830625 0.015625 0.70785830625 0.0294117640625 0.70724755625 0.03523284375 0.70439739375 0.0431985296875 0.70439739375 0.051776960937500005 0.703379478125 0.05851715625 0.7037866453125 0.0643382359375 0.7027687296875 0.0670955875 0.7025651468749999 0.07414215625000001 0.7017508140625 0.076899509375 0.70154723125 0.086397059375 0.700529315625 0.08823529375 0.7009364828125 0.09221813749999999 0.6999185671875 0.0986519609375 0.6980863187499999 0.10294117656249999 0.697679153125 0.126225490625 0.7003257328125 0.1271446078125 0.7009364828125 0.126225490625 0.7009364828125 0.12316176406249998 0.7021579796874999 0.121936275 0.7100977203125 0.12101715625000001 0.7111156359375 0.11856617656249999 0.71131921875 0.11335784374999999 0.7133550484375 0.1099877453125 0.71355863125 0.106617646875 0.7164087953125 0.09895833281250001 0.7225162859375 0.0983455875 0.72618078125 0.096507353125 0.7345276875 0.098039215625 0.7404315953125 0.0955882359375 0.748167753125 0.0955882359375 0.7526465796874999 0.092524509375 0.753868078125 0.08976715625000001 0.7550895765625001 0.0805759796875 0.754478828125 0.0802696078125 0.753868078125 0.0744485296875 0.7532573296875 0.07414215625000001 0.7526465796874999 0.0643382359375 0.7506107484375 0.0606617640625 0.75 0.0579044125 0.75 0.039828431250000004 0.7487785015624999 0.0364583328125 0.7469462546875001 0.034007353125 0.7420602609375 0.0294117640625 0.741856678125 0.02726715625 0.7396172640625001 0.024203431249999997 0.7367671015624999 0.0162377453125 0.731677525 0.0094975484375 0.7310667750000001 0.00704656875 0.727809446875 0.001225490625 0.727809446875 0 0.71986970625 0
2 0.494096090625 0.085477940625 0.49083876249999997 0.083946078125 0.4892100984375 0.0848651953125 0.49083876249999997 0.0873161765625 0.49267100937499997 0.0870098046875 0.494096090625 0.085477940625
2 0.46620521249999997 0.094056371875 0.47048045624999996 0.0931372546875 0.471498371875 0.0946691171875 0.473737784375 0.0955882359375 0.47699511406250006 0.0916053921875 0.47475569999999995 0.08854166718749999 0.47536645 0.0870098046875 0.47658794843749996 0.0857843140625 0.47869163906249995 0.085477940625 0.477809446875 0.085477940625 0.47821661249999997 0.08363970625 0.46905537500000005 0.083946078125 0.46803745937499996 0.0848651953125 0.47088762187500005 0.0888480390625 0.46864820781249994 0.08976715625000001 0.46844462499999995 0.09068627500000001 0.46315146562500004 0.09068627500000001 0.46294788281250004 0.08976715625000001 0.46009772031249996 0.087928921875 0.45745114062500003 0.0891544125 0.45663680781249993 0.0919117640625 0.45907980468750004 0.0955882359375 0.459690553125 0.098039215625 0.46131921875000004 0.0983455875 0.4619299671875 0.094975490625 0.46355863125 0.092524509375 0.46620521249999997 0.094056371875
2 0.4623371328125 0.0830269609375 0.4623371328125 0.0873161765625 0.463762215625 0.0873161765625 0.4657980453125 0.0848651953125 0.4623371328125 0.0830269609375
2 0.7037866453125 0.11488970624999999 0.703990228125 0.113664215625 0.7056188921875 0.1127450984375 0.7070439734375 0.1127450984375 0.7100977203125 0.11488970624999999 0.71131921875 0.10753676406249998 0.7125407171875 0.1047794125 0.71355863125 0.1041666671875 0.71355863125 0.10232843124999999 0.7145765468749999 0.0998774515625 0.7145765468749999 0.0814950984375 0.7133550484375 0.078125 0.70724755625 0.075367646875 0.7027687296875 0.078125 0.7027687296875 0.0857843140625 0.7017508140625 0.0891544125 0.7009364828125 0.0962009796875 0.7013436484375 0.102022059375 0.7003257328125 0.106311275 0.7027687296875 0.11488970624999999 0.7037866453125 0.11488970624999999
2 0.5173045609375 0.1099877453125 0.5191368078124999 0.11335784374999999 0.520765471875 0.113664215625 0.5225977203125 0.116727940625 0.52463355 0.117647059375 0.5254478828125 0.12009803906250001 0.5282980453125 0.121936275 0.5311482078124999 0.12806372500000002 0.532573290625 0.13511029375 0.536237784375 0.13817402031249998 0.5458061890625 0.1369485296875 0.5480456031250001 0.1354166671875 0.5545602609375 0.1338848046875 0.5602605859375 0.13357843125 0.5622964171875 0.13204656875 0.5696254078125 0.1311274515625 0.569828990625 0.1302083328125 0.578379478125 0.1302083328125 0.583265471875 0.12806372500000002 0.58631921875 0.127757353125 0.5907980453125 0.1234681375 0.5914087953125 0.11887254843749999 0.592426709375 0.116727940625 0.592426709375 0.112132353125 0.5942589578125 0.1014093140625 0.5969055375 0.0946691171875 0.5971091203125 0.09221813749999999 0.5985342015625 0.090992646875 0.5999592828125 0.087928921875 0.60118078125 0.0787377453125 0.6019951140625001 0.077818628125 0.602198696875 0.0704656859375 0.6009771984375 0.0670955875 0.598737784375 0.06556372499999999 0.5893729640625 0.06770833281250001 0.5781758953125 0.0670955875 0.57023615625 0.07107843124999999 0.5657573296875 0.0713848046875 0.5614820843749999 0.07291666718749999 0.5531351796874999 0.07291666718749999 0.5419381109375 0.076899509375 0.5289087953125 0.0756740203125 0.5234120515625 0.0772058828125 0.510179153125 0.077818628125 0.5054967421875001 0.0787377453125 0.5052931593750001 0.07965686250000001 0.5010179156250001 0.07965686250000001 0.4991856671875 0.0814950984375 0.4971498375 0.08210784374999999 0.494706840625 0.0848651953125 0.4953175890625 0.085477940625 0.494706840625 0.0916053921875 0.4930781765625 0.0931372546875 0.491856678125 0.099571078125 0.49083876249999997 0.10079656875000001 0.491245928125 0.1056985296875 0.5099755703125 0.1056985296875 0.5132328984375001 0.10692402031249999 0.5173045609375 0.1099877453125
2 0.8772394140625 0 0.8766286640625 0.003063725 0.8766286640625 0.0094975484375 0.8760179156250001 0.009803921875 0.875407165625 0.031556371875 0.8727605859375 0.046875 0.8715390875000001 0.065257353125 0.8709283390625 0.08823529375 0.8721498375 0.09068627500000001 0.87988599375 0.0931372546875 0.8975977203125 0.09375 0.8986156359375 0.09221813749999999 0.8998371328125 0.082414215625 0.9008550484375 0.07965686250000001 0.90105863125 0.075367646875 0.902687296875 0.0686274515625 0.902687296875 0.06556372499999999 0.9032980453125001 0.065257353125 0.9039087953125 0.0609681375 0.9039087953125 0.049632353125 0.90451954375 0.0490196078125 0.9039087953125 0.0361519609375 0.904926709375 0.034313725 0.9061482078124999 0.02113970625 0.9061482078124999 0.014399509375 0.9071661234375 0.010416667187500001 0.90798045625 0 0.8772394140625 0
2 0.9100162859375001 0 0.9096091203125001 0.0024509796875 0.908387621875 0.0045955875 0.908387621875 0.009803921875 0.9073697062500001 0.0122549015625 0.9071661234375 0.0189950984375 0.9061482078124999 0.0220588234375 0.9061482078124999 0.061274509374999994 0.904926709375 0.0704656859375 0.9043159609375 0.07107843124999999 0.9051302937499999 0.07659313749999999 0.9043159609375 0.08823529375 0.9051302937499999 0.09528186250000001 0.904926709375 0.09895833281250001 0.9004478828125 0.1026348046875 0.9000407171875 0.1041666671875 0.8988192187499999 0.11519607812499999 0.8969869703125 0.1228553921875 0.896376221875 0.1354166671875 0.8941368078125 0.144914215625 0.8937296421875001 0.1513480390625 0.8931188921875 0.1516544125 0.8937296421875001 0.164522059375 0.8931188921875 0.16482843125 0.89250814375 0.1681985296875 0.89250814375 0.1767769609375 0.8896579796875 0.18596813750000002 0.88904723125 0.1979166671875 0.888029315625 0.20036764687500003 0.8857899015624999 0.21323529375 0.8861970687499999 0.2236519609375 0.8851791531250001 0.22916666718749998 0.8851791531250001 0.24540441249999997 0.8857899015624999 0.24662990156250003 0.8857899015624999 0.2515318625 0.8833469062500001 0.25551470625 0.882328990625 0.26225490156250003 0.882328990625 0.2732843140625 0.8817182406249999 0.27879902031250003 0.880700325 0.281556371875 0.8811074921875001 0.28676470625 0.879478828125 0.29350490156250003 0.8788680781249999 0.30361519531250003 0.8792752437500001 0.3177083328125 0.8784609124999999 0.3204656859375 0.8788680781249999 0.3287377453125 0.876832246875 0.33670343125 0.8743892515624999 0.3388480390625 0.8743892515624999 0.34129902031250003 0.8727605859375 0.3446691171875 0.8715390875000001 0.35386029375 0.8709283390625 0.3541666671875 0.870521171875 0.35692402031250003 0.8703175890624999 0.36642156875 0.869706840625 0.366727940625 0.869299675 0.36948529375 0.869096090625 0.379289215625 0.8680781765625 0.386335784375 0.8662459281249999 0.3921568625 0.8662459281249999 0.39767156875 0.8648208468749999 0.4056372546875 0.8646172640625001 0.4139093140625 0.8635993484375 0.4172794125 0.8629886000000001 0.431678921875 0.86237785 0.43198529375000005 0.8617671015624999 0.4353553921875 0.8617671015624999 0.44240196093749995 0.8607491859374999 0.4454656859375 0.8605456031250001 0.450367646875 0.8585097718749999 0.4598651953125 0.8572882734375 0.4779411765625 0.8534201953125 0.4984681375 0.8515879484375001 0.5220588234375 0.8505700328125 0.52573529375 0.8497557 0.534007353125 0.84833061875 0.5392156859375 0.848737784375 0.544117646875 0.8471091203125001 0.559436275 0.8471091203125001 0.5686274515624999 0.84894136875 0.573835784375 0.8515879484375001 0.577818628125 0.8566775249999999 0.5802696078125 0.8589169375000001 0.5830269609375 0.861970684375 0.583946078125 0.86237785 0.5848651953124999 0.8735749187499999 0.5891544125 0.8760179156250001 0.5922181375 0.8786644953125 0.5931372546875 0.87988599375 0.594975490625 0.8837540718750001 0.596813725 0.8864006515625 0.5998774515624999 0.8898615640624999 0.6017156859375 0.8941368078125 0.608149509375 0.8996335500000001 0.6109068625 0.9014657984375001 0.6127450984375 0.9085912046875 0.61488970625 0.9132736156249999 0.615196078125 0.9136807812500001 0.6161151953124999 0.9208061890625 0.6170343140625 0.92487785 0.6200980390625 0.9283387624999999 0.62101715625 0.932206840625 0.62101715625 0.9344462546875001 0.61948529375 0.9340390875000001 0.6158088234375 0.935057003125 0.6142769609375 0.935667753125 0.609681371875 0.9368892515624999 0.6069240203125 0.9368892515624999 0.6026348046875001 0.937907165625 0.596813725 0.9401465796874999 0.590686275 0.9401465796874999 0.5876225484375001 0.9407573296875 0.5842524515624999 0.9413680781249999 0.583946078125 0.941978828125 0.575367646875 0.9436074921875001 0.57107843125 0.9442182406249999 0.5640318625 0.9458469062500001 0.5591299015625 0.9476791531250001 0.5579044125 0.9519543968749999 0.5575980390625 0.9586726390625 0.55851715625 0.9615228015625 0.559436275 0.9629478828125 0.5609681375 0.9706840390625 0.561274509375 0.9721091203125001 0.5609681375 0.9735342015624999 0.55851715625 0.9759771984375 0.55698529375 0.9759771984375 0.551164215625 0.9753664499999999 0.5487132359375 0.9759771984375 0.5404411765625 0.9771986968749999 0.5364583328125 0.9810667750000001 0.5297181375 0.9810667750000001 0.5266544125 0.9816775249999999 0.525428921875 0.9804560265625 0.52267156875 0.9806596093750001 0.5189950984375 0.9855456031250001 0.512867646875 0.9867671015624999 0.505821078125 0.9879886000000001 0.5036764703125 0.9879886000000001 0.4984681375 0.9890065140625 0.4935661765625 0.9908387624999999 0.48805147031249996 0.9936889250000001 0.484068628125 0.9924674265625001 0.4779411765625 0.9924674265625001 0.4733455875 0.991856678125 0.4708946078125 0.9908387624999999 0.4702818625 0.9902280125 0.4669117640625 0.9914495109375 0.4641544125 0.9914495109375 0.45925245156249994 0.9924674265625001 0.45618872499999996 0.9924674265625001 0.44577205937500003 0.9934853421875 0.4427083328125 0.9924674265625001 0.4356617640625 0.9934853421875 0.4307598046875 0.994096090625 0.41452205937500003 0.9953175890624999 0.41176470624999995 0.9953175890624999 0.409007353125 0.994706840625 0.4077818625 0.997557003125 0.39307597968749997 0.9977605859375 0.38694852968750004 0.9997964171874999 0.386335784375 0.9997964171874999 0.3743872546875 0.9983713359375 0.3743872546875 0.9977605859375 0.3731617640625 0.9969462546875001 0.36642156875 0.9969462546875001 0.362132353125 0.998167753125 0.356617646875 0.9977605859375 0.3452818625 0.9983713359375 0.3431372546875 0.9997964171874999 0.3431372546875 0.9997964171874999 0.33976715625 0.998167753125 0.339460784375 0.997557003125 0.32475490156250003 0.9965390875000001 0.320772059375 0.9965390875000001 0.3170955875 0.998167753125 0.3143382359375 0.9997964171874999 0.3143382359375 0.9997964171874999 0.198835784375 0.998167753125 0.198835784375 0.997557003125 0.1969975484375 0.994096090625 0.1927083328125 0.994096090625 0.18504902031249998 0.9924674265625001 0.17892156875 0.9934853421875 0.17095588281250002 0.991856678125 0.16636029375 0.991856678125 0.164522059375 0.992671009375 0.16329656875 0.9959283390625 0.1614583328125 0.9971498375 0.15778186249999998 0.9983713359375 0.15625 0.9997964171874999 0.15625 0.9997964171874999 0.1354166671875 0.998167753125 0.1354166671875 0.9938925078124999 0.1302083328125 0.9910423453125 0.1295955875 0.9908387624999999 0.1286764703125 0.9885993484375 0.127757353125 0.9837133546875 0.127757353125 0.9822882734375 0.12591911718749998 0.9822882734375 0.12316176406249998 0.9835097718749999 0.121936275 0.9930781765625 0.12009803906250001 0.9936889250000001 0.117647059375 0.994706840625 0.116727940625 0.9953175890624999 0.112132353125 0.998167753125 0.1099877453125 0.9997964171874999 0.1099877453125 0.9997964171874999 0.0998774515625 0.9983713359375 0.0998774515625 0.9965390875000001 0.0955882359375 0.9938925078124999 0.093443628125 0.991856678125 0.08976715625000001 0.9879886000000001 0.086397059375 0.9847312703125001 0.0848651953125 0.9845276875 0.0799632359375 0.9855456031250001 0.077818628125 0.9839169375000001 0.0744485296875 0.9867671015624999 0.0719975484375 0.9867671015624999 0.0674019609375 0.987785015625 0.0670955875 0.9890065140625 0.0646446078125 0.9896172640625001 0.058210784375000005 0.9902280125 0.0579044125 0.9902280125 0.05392156875 0.991856678125 0.0502450984375 0.9914495109375 0.042585784375000005 0.9908387624999999 0.0422794125 0.9904315953125 0.039522059375 0.9916530937499999 0.0376838234375 0.994096090625 0.0364583328125 0.9949104234374999 0.032475490625 0.9969462546875001 0.030637254687499997 0.9997964171874999 0.030024509375 0.9997964171874999 0.010416667187500001 0.9973534203125001 0.010416667187500001 0.992671009375 0.0079656859375 0.987785015625 0.008884804687500001 0.9802524437500001 0.00857843125 0.9771986968749999 0.0052083328125 0.9710912046875 0.0021446078125 0.97048045625 0 0.95785830625 0 0.9576547234375001 0.0018382359375 0.9535830624999999 0.0045955875 0.95154723125 0.0045955875 0.9493078171875 0.0067401953125 0.9482899015624999 0.0110294125 0.9482899015624999 0.015625 0.9493078171875 0.018688725 0.9529723125 0.0189950984375 0.9531758953124999 0.0223651953125 0.9543973937500001 0.022977940625000002 0.9747557 0.022977940625000002 0.9769951140625001 0.02573529375 0.9759771984375 0.0294117640625 0.9747557 0.030637254687499997 0.9696661234375 0.030637254687499997 0.9615228015625 0.032475490625 0.94808631875 0.032475490625 0.9460504890625 0.031556371875 0.94238599375 0.032475490625 0.9407573296875 0.0294117640625 0.9407573296875 0.0223651953125 0.939332246875 0.015318628125 0.9395358312500001 0.00857843125 0.935667753125 0.0064338234375 0.9328175890624999 0.002757353125 0.930171009375 0.0018382359375 0.9299674265625001 0 0.9100162859375001 0
2 0.026262215625 0.3235294125 0.024837132812500003 0.323835784375 0.024837132812500003 0.32475490156250003 0.0264657984375 0.323835784375 0.027076546875000003 0.32444852968750004 0.026262215625 0.3235294125
2 0.0162866453125 0.3229166671875 0.01750814375 0.32107843125 0.017915309375 0.318321078125 0.01974755625 0.3177083328125 0.0152687296875 0.3170955875 0.0118078171875 0.31924019531250003 0.0114006515625 0.32444852968750004 0.013029315625 0.325367646875 0.014454396875 0.3235294125 0.0162866453125 0.3229166671875
2 0.051506514062499995 0.3489583328125 0.05761400625 0.35079656875 0.06087133593750001 0.3541666671875 0.069828990625 0.35692402031250003 0.07939739375 0.36335784375 0.0893729640625 0.367647059375 0.09201954375 0.3700980390625 0.0946661234375 0.3700980390625 0.09486970624999999 0.37101715625 0.098737784375 0.3700980390625 0.09934853437499999 0.36488970625 0.098737784375 0.3645833328125 0.0981270359375 0.3489583328125 0.096498371875 0.34037990156250003 0.095887621875 0.3296568625 0.09263029375000001 0.31954656875 0.092426709375 0.3143382359375 0.09130349374999999 0.3140565140625 0.0883550484375 0.3204656859375 0.08407980468750001 0.322303921875 0.0820439734375 0.325367646875 0.077565146875 0.325367646875 0.0749185671875 0.322303921875 0.0710504890625 0.3235294125 0.06392508125 0.32138480468749997 0.04987785 0.3204656859375 0.04845276875 0.3232230390625 0.0458061890625 0.3259803921875 0.043159609375000005 0.33149509843749997 0.0423452765625 0.335477940625 0.040309446875 0.33823529375 0.040920195312500005 0.34129902031250003 0.0447882734375 0.344975490625 0.05008143281250001 0.34742647031249996 0.051506514062499995 0.3489583328125
2 0.08855863124999999 0.30851715625 0.08855863124999999 0.305147059375 0.0879478828125 0.305147059375 0.08631921875000001 0.30698529375 0.0869299671875 0.306678921875 0.0869299671875 0.3075980390625 0.08855863124999999 0.30851715625
2 0.019340390625000002 0.3287377453125 0.02035830625 0.3287377453125 0.0219869703125 0.33118872499999996 0.0264657984375 0.33210784375 0.029315960937500003 0.33486519531250003 0.033387621875 0.335477940625 0.036848534375000006 0.33210784375 0.038680781250000004 0.3287377453125 0.0399022796875 0.327818628125 0.0415309453125 0.3287377453125 0.0423452765625 0.332414215625 0.040920195312500005 0.33823529375 0.0413273609375 0.34037990156250003 0.046009771875 0.3455882359375 0.0531351796875 0.3483455875 0.0584283390625 0.35232843125 0.0627035828125 0.3532475484375 0.06290716562500001 0.3541666671875 0.067793159375 0.3547794125 0.0734934859375 0.3584558828125 0.0743078171875 0.3599877453125 0.0820439734375 0.36182597968749997 0.083265471875 0.36335784375 0.0869299671875 0.3642769609375 0.08855863124999999 0.36611519531250003 0.0936482078125 0.367647059375 0.095887621875 0.367647059375 0.095887621875 0.366727940625 0.0969055375 0.36611519531250003 0.0969055375 0.359068628125 0.0960912046875 0.35631127500000004 0.095887621875 0.33823529375 0.09527687343749999 0.33486519531250003 0.0936482078125 0.33180147031249996 0.09201954375 0.322303921875 0.08407980468750001 0.3219975484375 0.0779723125 0.3235294125 0.0771579796875 0.322303921875 0.0734934859375 0.32107843125 0.0724755703125 0.3170955875 0.07145765468750001 0.31617647031249996 0.0696254078125 0.3177083328125 0.0694218234375 0.32107843125 0.067793159375 0.3219975484375 0.0653501625 0.32107843125 0.0653501625 0.3177083328125 0.0641286640625 0.31648284375 0.0641286640625 0.3103553921875 0.06290716562500001 0.31004902031250003 0.06290716562500001 0.30361519531250003 0.057206840625 0.3045343140625 0.056596090625 0.3079044125 0.055171009375 0.3103553921875 0.055578176562500005 0.313725490625 0.053745928124999995 0.3143382359375 0.05008143281250001 0.31954656875 0.0468241046875 0.3219975484375 0.0447882734375 0.32107843125 0.0447882734375 0.315257353125 0.045399023437500005 0.3134191171875 0.043566775 0.311274509375 0.039698696875 0.312806371875 0.036848534375000006 0.30943627500000004 0.027687296875 0.30943627500000004 0.027483714062499998 0.3103553921875 0.024226384375 0.3103553921875 0.0219869703125 0.311274509375 0.01974755625 0.3143382359375 0.013640065625 0.3170955875 0.0124185671875 0.3186274515625 0.0114006515625 0.3204656859375 0.0118078171875 0.32444852968750004 0.015879478125 0.32567402031250003 0.019340390625000002 0.3287377453125
2 0.2662866453125 0.0747549015625 0.2662866453125 0.0735294125 0.2652687296875 0.07291666718749999 0.2646579796875 0.0744485296875 0.2652687296875 0.0747549015625 0.265879478125 0.0735294125 0.2662866453125 0.0747549015625
2 0.28046875 0.0609375 0.003125 0.00078125
2 0.28786645 0.0634191171875 0.28786645 0.0603553921875 0.2872557 0.059436275000000004 0.283387621875 0.0603553921875 0.2827768734375 0.0643382359375 0.2842019546875 0.0646446078125 0.286237784375 0.066789215625 0.28786645 0.0634191171875
2 0.0124185671875 0 0.012214984375 0.0018382359375 0.006718240625000001 0.003063725 0.0048859937499999995 0.0045955875 0.0032573296875 0.0079656859375 0.0032573296875 0.015931371875 0.0022394140625 0.0180759796875 0.0022394140625 0.0220588234375 0.001832246875 0.0232843140625 0 0.0232843140625 0 0.045649509375 0.00142508125 0.045649509375 0.00203583125 0.046568628125 0.0022394140625 0.051776960937500005 0.0032573296875 0.0530024515625 0.0026465796875 0.05698529375 0.0032573296875 0.0588235296875 0.0032573296875 0.0649509796875 0.004275243749999999 0.0670955875 0.0038680781249999996 0.070772059375 0.0022394140625 0.073835784375 0.00203583125 0.0790441171875 0 0.07965686250000001 0 0.21476715624999998 0.001832246875 0.21507352968750001 0.0054967421875 0.22395833281250002 0.006311074999999999 0.2319240203125 0.005700325 0.241727940625 0.006311074999999999 0.2475490203125 0.01119706875 0.252757353125 0.01689739375 0.2561274515625 0.02605863125 0.25888480468749997 0.028908795312500003 0.26194852968750004 0.031555375000000004 0.262867646875 0.0317589578125 0.2637867640625 0.03929153125 0.2665441171875 0.0443811078125 0.2705269609375 0.0517100984375 0.271446078125 0.05679967500000001 0.2732843140625 0.060667753125 0.2766544125 0.0665716609375 0.2797181375 0.06921824062500001 0.284007353125 0.0745114 0.2892156859375 0.074104234375 0.2916666671875 0.07145765468750001 0.29319852968750004 0.0753257328125 0.29442402031250003 0.0759364828125 0.296568628125 0.07776872968750001 0.2990196078125 0.081026059375 0.2974877453125 0.08122964218749999 0.296568628125 0.076140065625 0.29381127500000004 0.0759364828125 0.2922794125 0.07675081406249999 0.2907475484375 0.0826547234375 0.2907475484375 0.08285830625 0.2916666671875 0.0850977203125 0.292585784375 0.0861156359375 0.28982843125 0.08631921875000001 0.2833946078125 0.0873371328125 0.2791053921875 0.08570846875 0.27236519531250003 0.08570846875 0.2610294125 0.0850977203125 0.251225490625 0.08407980468750001 0.24908088281250002 0.0834690546875 0.234068628125 0.082451140625 0.231311275 0.08224755624999999 0.2267156859375 0.0816368078125 0.2264093140625 0.081026059375 0.219056371875 0.08000814375000001 0.2169117640625 0.0787866453125 0.20772058750000003 0.0787866453125 0.1942401953125 0.08122964218749999 0.186274509375 0.08407980468750001 0.180147059375 0.0873371328125 0.1752450984375 0.08754071718749999 0.173100490625 0.09201954375 0.1642156859375 0.092426709375 0.1614583328125 0.094055375 0.15778186249999998 0.10260586249999999 0.144914215625 0.10627035781250001 0.14215686249999998 0.1129886 0.140318628125 0.11482084687500001 0.13878676406249998 0.129478828125 0.1354166671875 0.15513029375 0.1354166671875 0.16083061875 0.1338848046875 0.1732491859375 0.13357843125 0.1771172640625 0.1329656859375 0.177320846875 0.13204656875 0.1881107484375 0.1311274515625 0.188517915625 0.1302083328125 0.1944218234375 0.1286764703125 0.20317589531250002 0.1286764703125 0.207451140625 0.1271446078125 0.22821661249999997 0.1243872546875 0.23635993437499997 0.12009803906250001 0.23758143281250002 0.117647059375 0.2396172640625 0.11856617656249999 0.25264657968750004 0.1182598046875 0.2546824109375 0.1170343140625 0.2579397390625 0.116727940625 0.2599755703125 0.1127450984375 0.2589576546875 0.109681371875 0.2591612375 0.10539215625000001 0.2599755703125 0.10324754843749999 0.2599755703125 0.10079656875000001 0.2591612375 0.0986519609375 0.25956840468750003 0.094975490625 0.2589576546875 0.093443628125 0.25956840468750003 0.0805759796875 0.25834690625 0.078431371875 0.2599755703125 0.073835784375 0.2585504890625 0.07291666718749999 0.2579397390625 0.070772059375 0.2585504890625 0.0689338234375 0.26078990156250004 0.06770833281250001 0.2585504890625 0.0661764703125 0.2579397390625 0.0646446078125 0.25956840468750003 0.0603553921875 0.25773615625 0.057598039062499995 0.2561074921875 0.039828431250000004 0.25671824062500004 0.0376838234375 0.2571254078125 0.026348039062500002 0.25671824062500004 0.022671568750000003 0.25834690625 0.0189950984375 0.25834690625 0.014705882812500001 0.2579397390625 0.011948529687499999 0.2550895765625 0.0094975484375 0.25549674218749996 0.0045955875 0.25061074843750003 0.002757353125 0.2497964171875 0.0015318625 0.2497964171875 0 0.1897394140625 0 0.189332246875 0.0018382359375 0.1783387625 0.002757353125 0.17630293125000002 0.0036764703125 0.1718241046875 0.00398284375 0.16815960937500002 0.0018382359375 0.166123778125 0.002757353125 0.145765471875 0.003063725 0.1388436484375 0.0045955875 0.1353827359375 0.0045955875 0.1339576546875 0.0036764703125 0.12988599375 0.004289215625 0.1280537453125 0.002757353125 0.1221498375 0.0018382359375 0.1219462546875 0 0.11482084687500001 0 0.11441368125 0.0018382359375 0.10871335468750001 0.002757353125 0.09039087968750001 0.003063725 0.088762215625 0.004289215625 0.080415309375 0.004289215625 0.07899022812499999 0.003063725 0.07654723125 0.002757353125 0.0690146578125 0.004289215625 0.063517915625 0.003063725 0.05679967500000001 0.003063725 0.05456026093750001 0.004289215625 0.0492671015625 0.0036764703125 0.047434853124999996 0.0045955875 0.0399022796875 0.0045955875 0.0350162859375 0.003063725 0.026262215625 0.0021446078125 0.0250407171875 0.001225490625 0.0250407171875 0 0.0124185671875 0
2 0.431188925 0.09895833281250001 0.432512215625 0.09895833281250001 0.433021171875 0.09773284374999999 0.4338355046875 0.09895833281250001 0.432206840625 0.0955882359375 0.4305781765625 0.09528186250000001 0.4289495109375 0.0931372546875 0.429356678125 0.094056371875 0.428745928125 0.0955882359375 0.430781759375 0.0955882359375 0.431188925 0.09895833281250001
2 0.5557817593750001 0.066789215625 0.5533387624999999 0.0661764703125 0.5527280125 0.06770833281250001 0.553745928125 0.0686274515625 0.5561889250000001 0.06770833281250001 0.5557817593750001 0.066789215625
2 0.562907165625 0.06770833281250001 0.5616856671875 0.0646446078125 0.558021171875 0.0649509796875 0.5578175890625 0.0674019609375 0.5584283390625 0.0686274515625 0.5612785015624999 0.0689338234375 0.562907165625 0.06770833281250001
2 0.562907165625 0.0609681375 0.560667753125 0.0600490203125 0.5590390875 0.0603553921875 0.5596498375000001 0.0634191171875 0.5612785015624999 0.0634191171875 0.562907165625 0.0609681375
2 0.5714576546875 0.030024509375 0.5730863187499999 0.026348039062500002 0.572679153125 0.0217524515625 0.57369706875 0.0189950984375 0.5714576546875 0.014705882812500001 0.5692182406249999 0.015318628125 0.5692182406249999 0.0245098046875 0.5686074921875 0.026348039062500002 0.5704397390625 0.029718137500000002 0.5714576546875 0.030024509375
2 0.435667753125 0.0744485296875 0.4338355046875 0.0762867640625 0.428745928125 0.0762867640625 0.4271172640625 0.077818628125 0.4254886 0.0805759796875 0.4254886 0.0830269609375 0.4281351796875 0.08363970625 0.431188925 0.0830269609375 0.431596090625 0.08210784374999999 0.4362785015625 0.08210784374999999 0.437907165625 0.07965686250000001 0.441978828125 0.077818628125 0.4454397390625 0.0787377453125 0.44890065156250003 0.077818628125 0.45724755625 0.077818628125 0.45907980468750004 0.0787377453125 0.46559446250000003 0.078125 0.47027687343749996 0.0790441171875 0.47862377812499995 0.077818628125 0.48452768749999997 0.07965686250000001 0.494706840625 0.0805759796875 0.4959283390625 0.077818628125 0.4977605859375 0.0762867640625 0.51750814375 0.076899509375 0.5313517921875001 0.073835784375 0.5435667750000001 0.075367646875 0.5470276875 0.0719975484375 0.5500814328125 0.06556372499999999 0.5517100984375001 0.065257353125 0.5529315953125 0.0634191171875 0.5572068406249999 0.0530024515625 0.5590390875 0.05238970625 0.56046416875 0.0493259796875 0.5616856671875 0.0502450984375 0.5635179156250001 0.05698529375 0.5647394140625 0.0579044125 0.5641286640625001 0.0591299015625 0.5647394140625 0.05851715625 0.5657573296875 0.0600490203125 0.5657573296875 0.06770833281250001 0.5659609125 0.066789215625 0.5682003250000001 0.0686274515625 0.5714576546875 0.0686274515625 0.572679153125 0.06770833281250001 0.57369706875 0.061274509374999994 0.57369706875 0.0560661765625 0.5730863187499999 0.05392156875 0.57369706875 0.046568628125 0.572679153125 0.043811275 0.5724755703125 0.039522059375 0.5749185671875 0.032475490625 0.5732899015624999 0.031556371875 0.5722719875 0.034007353125 0.570643321875 0.034313725 0.5675895765625001 0.0330882359375 0.56677524375 0.030330882812499998 0.566978828125 0.0245098046875 0.566368078125 0.02113970625 0.5612785015624999 0.013786764062500002 0.5584283390625 0.011948529687499999 0.555171009375 0.011948529687499999 0.5539495109375 0.0162377453125 0.55130293125 0.0162377453125 0.550285015625 0.015318628125 0.549470684375 0.0122549015625 0.5464169375 0.00857843125 0.5372557 0.008884804687500001 0.5313517921875001 0.010416667187500001 0.5225977203125 0.010416667187500001 0.519340390625 0.00857843125 0.5187296421875 0.0064338234375 0.5166938109375 0.00857843125 0.5114006515625 0.00857843125 0.510179153125 0.00704656875 0.4971498375 0.0064338234375 0.4953175890625 0.00704656875 0.49511400625 0.0079656859375 0.49083876249999997 0.0079656859375 0.4906351796875 0.00704656875 0.48737785 0.0064338234375 0.48065960937499996 0.00704656875 0.47882736093749995 0.0061274515625 0.46986970625 0.0061274515625 0.467426709375 0.00704656875 0.46335504843750003 0.011335784375000001 0.46131921875000004 0.0122549015625 0.46070846875000004 0.014399509375 0.45907980468750004 0.0162377453125 0.45500814375000004 0.0162377453125 0.4531758953125 0.013786764062500002 0.450529315625 0.013786764062500002 0.4493078171875 0.014705882812500001 0.44890065156250003 0.013786764062500002 0.4460504890625 0.013174020312500001 0.44238599375 0.010416667187500001 0.4403501625 0.011948529687499999 0.4403501625 0.015318628125 0.43953583125 0.0162377453125 0.4348534203125 0.0171568625 0.4346498375 0.0162377453125 0.432206840625 0.015625 0.429356678125 0.0180759796875 0.42833876249999997 0.0248161765625 0.429356678125 0.0294117640625 0.427320846875 0.037377451562500004 0.4271172640625 0.0447303921875 0.42609934843749997 0.0490196078125 0.4254886 0.063725490625 0.4267100984375 0.06770833281250001 0.431188925 0.07291666718749999 0.435667753125 0.0744485296875
2 0.0118078171875 0.32444852968750004 0.0124185671875 0.32444852968750004 0.0120114 0.3219975484375 0.0118078171875 0.32444852968750004
2 0.01484375 0.32109375 0.00078125 0.00078125
2 0.0407166125 0.34129902031250003 0.0429560265625 0.3422181375 0.0437703578125 0.34375 0.0531351796875 0.3489583328125 0.0590390875 0.35079656875 0.0602605859375 0.35232843125 0.0633143328125 0.3532475484375 0.063517915625 0.3541666671875 0.071254071875 0.356617646875 0.0745114 0.3599877453125 0.0759364828125 0.3599877453125 0.080415309375 0.36335784375 0.085301303125 0.3642769609375 0.090187296875 0.367647059375 0.09486970624999999 0.369178921875 0.098737784375 0.36825980468749997 0.0981270359375 0.34926470625 0.0960912046875 0.33823529375 0.095887621875 0.3296568625 0.0936482078125 0.320772059375 0.09201954375 0.30361519531250003 0.089576546875 0.2984068625 0.0873371328125 0.2959558828125 0.080415309375 0.294117646875 0.0787866453125 0.292585784375 0.0720684046875 0.29013480468749997 0.06738599375 0.2907475484375 0.060057003124999994 0.2959558828125 0.0584283390625 0.2959558828125 0.0521172640625 0.30392156875 0.050895765625 0.31004902031250003 0.048859934375000004 0.312806371875 0.0470276875 0.3174019609375 0.047231270312500004 0.32107843125 0.045399023437500005 0.322303921875 0.043159609375000005 0.3262867640625 0.0413273609375 0.3272058828125 0.039698696875 0.3296568625 0.039698696875 0.33118872499999996 0.0384771984375 0.33363970625 0.0390879484375 0.33823529375 0.0407166125 0.34129902031250003
2 0.0335912046875 0.3330269609375 0.0356270359375 0.33149509843749997 0.034609120312500005 0.33057597968749997 0.0321661234375 0.33057597968749997 0.031148207812500002 0.33210784375 0.032369706250000005 0.33486519531250003 0.033387621875 0.33486519531250003 0.0335912046875 0.3330269609375
2 0 0.3103553921875 0.0024429968749999998 0.3103553921875 0.0061074921875 0.3125 0.006718240625000001 0.3146446078125 0.0054967421875 0.3177083328125 0.006718240625000001 0.3186274515625 0.006718240625000001 0.3201593140625 0.00834690625 0.3229166671875 0.0095684046875 0.32138480468749997 0.0095684046875 0.31587009843749997 0.010179153125 0.3143382359375 0.0093648203125 0.3103553921875 0.017100976562500002 0.31004902031250003 0.032573290625 0.3060661765625 0.03929153125 0.3109681375 0.0407166125 0.3131127453125 0.0413273609375 0.3170955875 0.043159609375000005 0.3186274515625 0.047231270312500004 0.313725490625 0.048045603125 0.3109681375 0.048045603125 0.30698529375 0.050488599999999995 0.305147059375 0.0521172640625 0.29993872499999996 0.054153093750000006 0.296875 0.0588355046875 0.2950367640625 0.06087133593750001 0.292585784375 0.06290716562500001 0.2916666671875 0.06392508125 0.28982843125 0.0641286640625 0.2858455875 0.0612785015625 0.281556371875 0.059649837500000004 0.28125 0.0588355046875 0.280024509375 0.0521172640625 0.27726715625 0.050488599999999995 0.27573529375 0.0437703578125 0.273897059375 0.0380700328125 0.2705269609375 0.0356270359375 0.26807597968749997 0.0327768734375 0.2677696078125 0.027687296875 0.2647058828125 0.025651465624999998 0.264399509375 0.024837132812500003 0.26317402031250003 0.022801303125 0.262867646875 0.021376221875 0.261335784375 0.0177117265625 0.2604166671875 0.01750814375 0.2594975484375 0.016490228125 0.2594975484375 0.012825732812499999 0.2561274515625 0.008143321875 0.2552083328125 0.005700325 0.25367647031249996 0.0028501625 0.25367647031249996 0.00203583125 0.252757353125 0 0.252757353125 0 0.3103553921875
2 0 0.24785539218750002 0.0016286640625000001 0.24785539218750002 0.0026465796875 0.24417892187499998 0.0032573296875 0.23713235312499997 0.0038680781249999996 0.2368259796875 0.0038680781249999996 0.234681371875 0.0050895765625 0.2325367640625 0.0054967421875 0.22916666718749998 0.0050895765625 0.22395833281250002 0.0034609124999999998 0.223039215625 0.0016286640625000001 0.219975490625 0 0.219975490625 0 0.24785539218750002
2 0.9702768734375 0.525428921875 0.9710912046875 0.5291053921875 0.9702768734375 0.5306372546875 0.9702768734375 0.534007353125 0.9710912046875 0.534313725 0.971498371875 0.5364583328125 0.9702768734375 0.5373774515624999 0.9698697062500001 0.5389093140625 0.9696661234375 0.543811275 0.967426709375 0.546875 0.9721091203125001 0.552696078125 0.9721091203125001 0.5560661765625 0.971498371875 0.55698529375 0.9725162859375001 0.5579044125 0.9731270359374999 0.563725490625 0.979234528125 0.565257353125 0.9812703578124999 0.5670955875 0.987785015625 0.5686274515624999 0.9906351796875 0.57107843125 0.9924674265625001 0.57107843125 0.992671009375 0.5719975484375001 0.9965390875000001 0.5719975484375001 0.998167753125 0.5689338234375 0.9997964171874999 0.5689338234375 0.9997964171874999 0.48835784374999996 0.9979641687499999 0.48835784374999996 0.997557003125 0.48743872499999996 0.998167753125 0.4834558828125 0.9971498375 0.4779411765625 0.9971498375 0.47273284374999996 0.998167753125 0.469975490625 0.9965390875000001 0.4669117640625 0.9959283390625 0.4635416671875 0.994706840625 0.45067402031250003 0.9920602609375001 0.44883578437500005 0.9908387624999999 0.44944852968750004 0.9892100984375001 0.4552696078125 0.9896172640625001 0.46323529375000005 0.9865635171875 0.469056371875 0.9835097718749999 0.469975490625 0.9861563515625 0.4733455875 0.986359934375 0.47487745156249994 0.9851384359375001 0.4767156859375 0.984120521875 0.4767156859375 0.984120521875 0.4776348046875 0.9855456031250001 0.47732843125 0.9851384359375001 0.48039215625000004 0.9771986968749999 0.48100490156250003 0.977809446875 0.481617646875 0.9769951140625001 0.484375 0.9761807812500001 0.4984681375 0.9771986968749999 0.4993872546875 0.9794381109374999 0.4993872546875 0.9808631921875 0.49571078437500005 0.9810667750000001 0.5 0.9804560265625 0.5018382359375 0.97679153125 0.5061274515624999 0.973737784375 0.5079656859375 0.9721091203125001 0.5119485296875 0.9721091203125001 0.515625 0.9702768734375 0.5177696078125 0.9702768734375 0.519914215625 0.9731270359374999 0.5205269609375 0.973737784375 0.5223651953124999 0.9702768734375 0.525428921875
2 0.9953175890624999 0.44178921562499995 0.994706840625 0.440257353125 0.9934853421875 0.4420955875 0.994299675 0.4485294125 0.9953175890624999 0.4454656859375 0.9953175890624999 0.44178921562499995
2 0.8004886000000001 0 0.8004886000000001 0.003063725 0.79987785 0.0036764703125 0.8004886000000001 0.030637254687499997 0.79987785 0.03125 0.799470684375 0.0401348046875 0.7986563515625 0.07107843124999999 0.796620521875 0.08210784374999999 0.7970276875 0.0888480390625 0.7982491859375 0.0912990203125 0.8004886000000001 0.09375 0.818403909375 0.094975490625 0.8239006515625 0.098039215625 0.8312296421875001 0.0958946078125 0.834690553125 0.09681372499999999 0.845887621875 0.096507353125 0.848737784375 0.098039215625 0.8526058624999999 0.098039215625 0.8548452765624999 0.09895833281250001 0.855048859375 0.0998774515625 0.8576954390625 0.10018382343750001 0.8633957656250001 0.0998774515625 0.8635993484375 0.09895833281250001 0.8664495109375 0.098039215625 0.869706840625 0.09375 0.8703175890624999 0.092524509375 0.8699104234374999 0.0799632359375 0.8715390875000001 0.0603553921875 0.8715390875000001 0.0505514703125 0.872557003125 0.046568628125 0.873167753125 0.0376838234375 0.8737785015625 0.037377451562500004 0.8741856671875 0.032475490625 0.8737785015625 0.0287990203125 0.8743892515624999 0.026348039062500002 0.8743892515624999 0.00704656875 0.875407165625 0.004289215625 0.8756107484375001 0 0.8658387624999999 0 0.8658387624999999 0.0015318625 0.862785015625 0.0045955875 0.8556596093750001 0.0045955875 0.8521986968749999 0.0036764703125 0.834690553125 0.0036764703125 0.8312296421875001 0.0045955875 0.8259364828125 0.0018382359375 0.825529315625 0 0.8004886000000001 0
2 0.9584690546875001 0.44607843125 0.9584690546875001 0.4420955875 0.9566368078125 0.440257353125 0.9556188921875 0.4420955875 0.9562296421875001 0.44301470624999995 0.9562296421875001 0.44607843125 0.9584690546875001 0.44607843125
2 0.9765879484375001 0.41482843125 0.9771986968749999 0.4151348046875 0.9769951140625001 0.4142156859375 0.9765879484375001 0.41482843125
2 0.9810667750000001 0.35263480468749997 0.9806596093750001 0.35600490156250003 0.9816775249999999 0.35569852968750004 0.9816775249999999 0.353553921875 0.9810667750000001 0.35263480468749997
2 0.96355863125 0.46017156875 0.96355863125 0.46139705937500003 0.96701954375 0.4620098046875 0.9690553749999999 0.4595588234375 0.9702768734375 0.45649509843749997 0.9702768734375 0.44577205937500003 0.973737784375 0.44454656875 0.9753664499999999 0.4420955875 0.9774022796875 0.436274509375 0.9794381109374999 0.437806371875 0.9794381109374999 0.4479166671875 0.9788273609375 0.4485294125 0.9782166125 0.45863970624999995 0.9769951140625001 0.46323529375000005 0.9761807812500001 0.4641544125 0.9749592828125 0.47702205937500003 0.973737784375 0.48069852968750004 0.973737784375 0.483149509375 0.971498371875 0.48835784374999996 0.970887621875 0.4932598046875 0.9698697062500001 0.49448529375000005 0.9702768734375 0.5082720593750001 0.9686482078124999 0.5147058828125 0.967426709375 0.528186275 0.9653908796874999 0.5358455875 0.96416938125 0.543811275 0.9611156359375 0.5502450984375 0.9623371328125 0.5530024515624999 0.9625407171875 0.55698529375 0.9645765468749999 0.5591299015625 0.96701954375 0.559436275 0.9686482078124999 0.562806371875 0.9753664499999999 0.566789215625 0.9843241046875001 0.5689338234375 0.98941368125 0.57107843125 0.9896172640625001 0.5719975484375001 0.9930781765625 0.5729166671875 0.9997964171874999 0.5729166671875 0.9997964171874999 0.34068627500000004 0.9977605859375 0.34068627500000004 0.994299675 0.3489583328125 0.9953175890624999 0.35232843125 0.994706840625 0.35263480468749997 0.994096090625 0.3575367640625 0.9930781765625 0.359068628125 0.9906351796875 0.380821078125 0.9885993484375 0.38694852968750004 0.9879886000000001 0.39399509843749997 0.986359934375 0.39736519531250003 0.9845276875 0.4151348046875 0.9818811078125 0.4224877453125 0.9810667750000001 0.4286151953125 0.9784201953125 0.42493872499999996 0.9788273609375 0.421568628125 0.9769951140625001 0.41942402031250003 0.9753664499999999 0.419117646875 0.9745521171875 0.4172794125 0.9727198703125 0.41758578437500005 0.9719055375 0.419117646875 0.96701954375 0.4200367640625 0.9657980453125001 0.42585784374999996 0.967426709375 0.42922794062499997 0.967426709375 0.438725490625 0.9623371328125 0.440257353125 0.9603013031250001 0.4427083328125 0.9603013031250001 0.4512867640625 0.9623371328125 0.4546568625 0.9629478828125 0.4598651953125 0.96355863125 0.46017156875
2 0 0.440257353125 0.0038680781249999996 0.4393382359375 0.01119706875 0.4353553921875 0.0114006515625 0.43443627500000004 0.016490228125 0.43351715625000004 0.01689739375 0.43259803906250005 0.023819218750000003 0.43014705937500003 0.027280129687499998 0.427696078125 0.031148207812500002 0.42677696093749995 0.036237784375 0.42432597968749997 0.03644136875 0.4234068625 0.0482491859375 0.419117646875 0.049470684375000004 0.41758578437500005 0.062296417187499994 0.41329656875 0.0625 0.41237745156249994 0.06677524375 0.40992647031249996 0.06738599375 0.4083946078125 0.0749185671875 0.40073529375000005 0.076140065625 0.39307597968749997 0.07552931562500001 0.38051470625 0.0724755703125 0.373774509375 0.07145765468750001 0.3728553921875 0.0710504890625 0.3704044125 0.06820032499999999 0.36948529375 0.0679967421875 0.3685661765625 0.0641286640625 0.366727940625 0.06290716562500001 0.36488970625 0.060667753125 0.3642769609375 0.057817589062499994 0.3602941171875 0.053338762500000005 0.3584558828125 0.0521172640625 0.35631127500000004 0.051506514062499995 0.3517156859375 0.04987785 0.3498774515625 0.046009771875 0.3486519609375 0.048045603125 0.344975490625 0.042548859375 0.342524509375 0.0415309453125 0.34037990156250003 0.0429560265625 0.33976715625 0.043159609375000005 0.33486519531250003 0.04560260625 0.33149509843749997 0.0486563515625 0.3290441171875 0.050488599999999995 0.3287377453125 0.0521172640625 0.3262867640625 0.0517100984375 0.3177083328125 0.0549674265625 0.3109681375 0.05456026093750001 0.30392156875 0.055578176562500005 0.302696078125 0.0584283390625 0.302696078125 0.058631921875000007 0.3017769609375 0.0625 0.30085784375 0.0679967421875 0.2974877453125 0.074714984375 0.2974877453125 0.080822475 0.29932597968749997 0.08184039062500001 0.30085784375 0.08591205156250001 0.3033088234375 0.08631921875000001 0.30698529375 0.0879478828125 0.3109681375 0.08855863124999999 0.3109681375 0.089576546875 0.30851715625 0.089576546875 0.30575980468749997 0.0883550484375 0.30085784375 0.08570846875 0.29932597968749997 0.084690553125 0.3017769609375 0.083876221875 0.3017769609375 0.083876221875 0.29932597968749997 0.08224755624999999 0.296568628125 0.078379478125 0.295649509375 0.0753257328125 0.292585784375 0.06453583125 0.2922794125 0.0631107484375 0.29013480468749997 0.0631107484375 0.2858455875 0.061482084375 0.2827818625 0.057817589062499994 0.280024509375 0.05456026093750001 0.2791053921875 0.054356678125 0.27818627500000004 0.05232084687500001 0.27787990156250003 0.04987785 0.27573529375 0.0470276875 0.275428921875 0.045399023437500005 0.273897059375 0.0399022796875 0.2720588234375 0.0350162859375 0.26807597968749997 0.028908795312500003 0.2662377453125 0.023819218750000003 0.262867646875 0.022190553125 0.262867646875 0.01750814375 0.2604166671875 0.013640065625 0.25704656875 0.0061074921875 0.2552083328125 0.0054967421875 0.254289215625 0.0022394140625 0.2552083328125 0.00142508125 0.2579656859375 0 0.2579656859375 0 0.28492647031249996 0.0016286640625000001 0.28492647031249996 0.0022394140625 0.2864583328125 0.001832246875 0.2922794125 0 0.292585784375 0 0.2974877453125 0.0016286640625000001 0.2974877453125 0.0034609124999999998 0.29993872499999996 0.0032573296875 0.3045343140625 0.0022394140625 0.30698529375 0.007736156249999999 0.30912990156250003 0.0079397390625 0.3109681375 0.004478828125 0.312806371875 0.004478828125 0.313725490625 0.0034609124999999998 0.3143382359375 0.0022394140625 0.3177083328125 0.0028501625 0.32138480468749997 0.0016286640625000001 0.323835784375 0 0.323835784375 0 0.440257353125
2 0 0.24417892187499998 0.00203583125 0.2435661765625 0.0032573296875 0.237438725 0.0032573296875 0.2337622546875 0.0054967421875 0.22916666718749998 0.0050895765625 0.22395833281250002 0.0016286640625000001 0.2205882359375 0 0.2205882359375 0 0.24417892187499998
2 0.441978828125 0.10232843124999999 0.437907165625 0.10079656875000001 0.43424267031249997 0.10079656875000001 0.43241042343749997 0.09926470625 0.431188925 0.10079656875000001 0.428745928125 0.1014093140625 0.42833876249999997 0.10232843124999999 0.437907165625 0.1041666671875 0.4401465796875 0.1041666671875 0.441978828125 0.10232843124999999
2 0.3597312703125 0 0.3595276875 0.0018382359375 0.3544381109375 0.011948529687499999 0.35504885937499997 0.014399509375 0.3544381109375 0.0180759796875 0.3544381109375 0.030330882812499998 0.3538273609375 0.030637254687499997 0.35321661249999997 0.0379901953125 0.352198696875 0.0401348046875 0.3497557 0.0634191171875 0.34894136875 0.0646446078125 0.3477198703125 0.0719975484375 0.34710912031249996 0.0931372546875 0.346498371875 0.09375 0.3460912046875 0.10018382343750001 0.346498371875 0.1041666671875 0.348737784375 0.10753676406249998 0.35321661249999997 0.109375 0.37703583125 0.1099877453125 0.3772394140625 0.1109068625 0.3829397390625 0.11182597968750001 0.3864006515625 0.1109068625 0.3945439734375 0.1109068625 0.397190553125 0.1127450984375 0.40513029375 0.1127450984375 0.411237784375 0.11427696093749999 0.41795602656249997 0.1127450984375 0.4208061890625 0.10814950937500001 0.42263843593750006 0.096507353125 0.42223127031249996 0.0919117640625 0.423045603125 0.0903799015625 0.4232491859375 0.0744485296875 0.42223127031249996 0.070772059375 0.4232491859375 0.0686274515625 0.42345276875 0.05729166718749999 0.42426710156249997 0.055147059374999995 0.4254886 0.037377451562500004 0.42650651406250006 0.0330882359375 0.4267100984375 0.020526960937499998 0.425895765625 0.015318628125 0.42650651406250006 0.011335784375000001 0.4254886 0.00857843125 0.4246742671875 0.0094975484375 0.4214169375 0.009803921875 0.41836319218750007 0.0061274515625 0.415309446875 0.0061274515625 0.41510586250000003 0.0052083328125 0.40004071718749995 0.004289215625 0.3941368078125 0.0021446078125 0.3902687296875 0.0021446078125 0.38762215 0.004289215625 0.38578990156250004 0.004289215625 0.380700325 0.0018382359375 0.38049674218749996 0 0.37214983749999997 0 0.3717426703125 0.0018382359375 0.37011400625 0.002757353125 0.369299675 0.0018382359375 0.369299675 0 0.3597312703125 0
2 0.4924674265625 0.1056985296875 0.5105863187499999 0.1056985296875 0.5138436484375 0.10692402031249999 0.5177117265625 0.1099877453125 0.5187296421875 0.1127450984375 0.5209690546875 0.113664215625 0.522801303125 0.116727940625 0.5244299671875 0.1170343140625 0.52605863125 0.12009803906250001 0.5280944625 0.12101715625000001 0.5311482078124999 0.12683823593750002 0.5327768734375 0.134803921875 0.536237784375 0.13817402031249998 0.539698696875 0.137867646875 0.5453990234375 0.1369485296875 0.5472312703125 0.1354166671875 0.5529315953125 0.1338848046875 0.5594462546875001 0.13357843125 0.5612785015624999 0.1329656859375 0.5614820843749999 0.13204656875 0.5682003250000001 0.1311274515625 0.5686074921875 0.1302083328125 0.5787866453125 0.1295955875 0.5814332249999999 0.12806372500000002 0.58631921875 0.127757353125 0.5875407171875 0.126225490625 0.58855863125 0.126225490625 0.5907980453125 0.121936275 0.59263029375 0.106311275 0.595887621875 0.0946691171875 0.595887621875 0.0928308828125 0.5981270359375 0.0903799015625 0.59833061875 0.0891544125 0.599348534375 0.0888480390625 0.5999592828125 0.080882353125 0.6009771984375 0.077818628125 0.6009771984375 0.0704656859375 0.5999592828125 0.06770833281250001 0.598737784375 0.066789215625 0.57654723125 0.06770833281250001 0.576140065625 0.0686274515625 0.5743078171875 0.0686274515625 0.5700325734375 0.07107843124999999 0.5659609125 0.0713848046875 0.5627035828125 0.07291666718749999 0.546620521875 0.0747549015625 0.5429560265625 0.076899509375 0.52605863125 0.0762867640625 0.5223941375 0.077818628125 0.5142508140625 0.077818628125 0.5063110749999999 0.0787377453125 0.505903909375 0.07965686250000001 0.5016286640625001 0.07965686250000001 0.498167753125 0.0814950984375 0.4959283390625 0.0845588234375 0.4953175890625 0.09221813749999999 0.4930781765625 0.0955882359375 0.49083876249999997 0.10232843124999999 0.4924674265625 0.1056985296875
2 0.5688110749999999 0 0.5688110749999999 0.001225490625 0.5675895765625001 0.002757353125 0.5647394140625 0.003063725 0.5639250812500001 0.004289215625 0.5608713359374999 0.0052083328125 0.5594462546875001 0.0079656859375 0.5519136812500001 0.0094975484375 0.5482491859375 0.00857843125 0.5474348531250001 0.0067401953125 0.5453990234375 0.0052083328125 0.5394951140625001 0.0052083328125 0.5390879484375 0.0061274515625 0.536237784375 0.0064338234375 0.5337947875 0.00857843125 0.5287052125 0.008884804687500001 0.5225977203125 0.00857843125 0.5191368078124999 0.0052083328125 0.5171009765625 0.0045955875 0.5152687296875 0.0045955875 0.51262215 0.00704656875 0.5109934859374999 0.00704656875 0.508143321875 0.0061274515625 0.50203583125 0.0061274515625 0.5016286640625001 0.0052083328125 0.4965390875 0.0052083328125 0.4963355046875 0.0061274515625 0.48127035781250005 0.0052083328125 0.48065960937499996 0.0061274515625 0.48045602656249997 0.0052083328125 0.47333061875000004 0.004289215625 0.46640879531249996 0.00704656875 0.46355863125 0.010416667187500001 0.461726384375 0.010416667187500001 0.45989413749999997 0.011948529687499999 0.455415309375 0.011948529687499999 0.45276872968750004 0.009803921875 0.4499185671875 0.0110294125 0.447679153125 0.010416667187500001 0.446254071875 0.00857843125 0.44462540781250004 0.0079656859375 0.44258957656250003 0.0045955875 0.44075732968750003 0.004289215625 0.43953583125 0.002757353125 0.435057003125 0.003063725 0.432206840625 0.0052083328125 0.4309853421875 0.0079656859375 0.42833876249999997 0.008884804687500001 0.4281351796875 0.0321691171875 0.427320846875 0.034007353125 0.4271172640625 0.0431985296875 0.4254886 0.055147059374999995 0.4254886 0.0643382359375 0.4281351796875 0.0744485296875 0.42609934843749997 0.077818628125 0.4254886 0.0802696078125 0.4254886 0.085477940625 0.4271172640625 0.0983455875 0.428745928125 0.10079656875000001 0.4454397390625 0.10079656875000001 0.45256514687499994 0.09895833281250001 0.45297231250000003 0.09528186250000001 0.46030130312499995 0.0931372546875 0.4619299671875 0.0916053921875 0.4623371328125 0.0888480390625 0.46518729687500004 0.089460784375 0.46539087968750004 0.09221813749999999 0.47027687343749996 0.0958946078125 0.47333061875000004 0.0931372546875 0.47495928281250005 0.0931372546875 0.47699511406250006 0.0916053921875 0.4794381109375 0.0931372546875 0.48635993437499997 0.0931372546875 0.4879886 0.09221813749999999 0.48859934843749997 0.094975490625 0.48635993437499997 0.096507353125 0.483509771875 0.1017156859375 0.4879886 0.10324754843749999 0.48900651406250006 0.10232843124999999 0.4892100984375 0.0974264703125 0.489820846875 0.096507353125 0.4914495109375 0.096507353125 0.4924674265625 0.09221813749999999 0.494706840625 0.09221813749999999 0.4965390875 0.085477940625 0.4993892515625 0.08210784374999999 0.50427524375 0.08118872499999999 0.5067182406249999 0.07965686250000001 0.52605863125 0.078125 0.529112378125 0.076899509375 0.5435667750000001 0.077818628125 0.5470276875 0.0747549015625 0.5578175890625 0.073835784375 0.558021171875 0.07291666718749999 0.5714576546875 0.07107843124999999 0.5779723125 0.06556372499999999 0.5844869703125 0.0670955875 0.5914087953125 0.066789215625 0.595887621875 0.0643382359375 0.5971091203125 0.0600490203125 0.5971091203125 0.057598039062499995 0.598737784375 0.055759804687500004 0.5999592828125 0.05085784375 0.6032166125 0.046875 0.6032166125 0.028186275 0.6026058625 0.0248161765625 0.6009771984375 0.0223651953125 0.5995521171875 0.017769607812499998 0.59548045625 0.017769607812499998 0.58855863125 0.008272059375 0.58916938125 0.0045955875 0.5869299671875 0.001225490625 0.5869299671875 0 0.5688110749999999 0
2 0.31921824062500004 0.5165441171875 0.3210504890625 0.5180759796875 0.3214576546875 0.5119485296875 0.31738599375 0.5119485296875 0.3157573296875 0.515318628125 0.3161644953125 0.5147058828125 0.316978828125 0.5162377453125 0.31921824062500004 0.5165441171875
2 0.3475162859375 0.241727940625 0.35097719843749997 0.241727940625 0.35728827343749997 0.237438725 0.356677525 0.234068628125 0.3497557 0.23161764687500003 0.3452768734375 0.23100490156250003 0.340187296875 0.23345588281250002 0.3397801296875 0.23590686249999998 0.34039087968750004 0.23774509843749997 0.343444625 0.23835784375000002 0.3475162859375 0.241727940625
2 0.08631921875000001 0.23345588281250002 0.0873371328125 0.2411151953125 0.0879478828125 0.2576593140625 0.08855863124999999 0.2579656859375 0.0897801296875 0.2720588234375 0.0912052125 0.278492646875 0.0914087953125 0.2889093140625 0.092426709375 0.291053921875 0.09527687343749999 0.31617647031249996 0.095887621875 0.31648284375 0.096498371875 0.32138480468749997 0.096498371875 0.325367646875 0.09710912031249999 0.32567402031250003 0.0977198703125 0.33057597968749997 0.0977198703125 0.3345588234375 0.10036645 0.34926470625 0.10118078125 0.3685661765625 0.10219869687500001 0.375306371875 0.10219869687500001 0.386335784375 0.1038273609375 0.39460784375 0.1044381109375 0.394914215625 0.105048859375 0.4041053921875 0.105659609375 0.4047181375 0.10606677499999999 0.41452205937500003 0.1083061890625 0.4270833328125 0.108509771875 0.4359681375 0.11054560312499999 0.44883578437500005 0.11074918593750001 0.45649509843749997 0.1117671015625 0.45863970624999995 0.11237785 0.46568627500000004 0.1140065140625 0.47120097968749997 0.11461726406249999 0.4837622546875 0.1158387625 0.48866421562499995 0.1158387625 0.49601715625000004 0.116856678125 0.4993872546875 0.1180781765625 0.512867646875 0.11929967500000001 0.5171568625 0.119706840625 0.5248161765625 0.12031758906250001 0.5251225484375001 0.1209283390625 0.5306372546875 0.1209283390625 0.535539215625 0.1215390875 0.5358455875 0.1221498375 0.5490196078125 0.1243892515625 0.565563725 0.12764657968749998 0.5814950984375 0.12764657968749998 0.5885416671875 0.1282573296875 0.5922181375 0.129478828125 0.5946691171875 0.13049674218750001 0.6032475484375001 0.1329397390625 0.6130514703125 0.1341612375 0.625306371875 0.13578990156249998 0.6311274515624999 0.1374185671875 0.63357843125 0.140065146875 0.6344975484375001 0.1465798046875 0.6412377453125 0.14739413750000002 0.6412377453125 0.1504478828125 0.646446078125 0.15289087968749998 0.6495098046875001 0.1547231265625 0.650428921875 0.158387621875 0.6556372546875 0.16897394062499999 0.66329656875 0.1771172640625 0.671568628125 0.1862785015625 0.6786151953124999 0.1872964171875 0.6807598046875001 0.189332246875 0.681678921875 0.1907573296875 0.684436275 0.192793159375 0.6853553921875 0.1999185671875 0.691789215625 0.2056188921875 0.6985294125 0.21213354999999998 0.7037377453125 0.21233713281250002 0.7046568625 0.2221091203125 0.7120098046875001 0.2245521171875 0.712928921875 0.2259771984375 0.715686275 0.227198696875 0.715686275 0.22943811093750002 0.7196691171875 0.231677525 0.721507353125 0.234120521875 0.723039215625 0.2392100984375 0.7233455875 0.241856678125 0.7239583328125 0.2420602609375 0.7248774515624999 0.2469462546875 0.72579656875 0.2516286640625 0.72579656875 0.25203583125 0.7267156859375 0.2646579796875 0.7267156859375 0.265065146875 0.72579656875 0.2691368078125 0.7248774515624999 0.269340390625 0.7239583328125 0.27259772031249996 0.7233455875 0.2789087953125 0.71875 0.2827768734375 0.71476715625 0.2874592828125 0.7120098046875001 0.2880700328125 0.7107843140625 0.2923452765625 0.70863970625 0.2970276875 0.7037377453125 0.29987785 0.702818628125 0.304356678125 0.6979166671875 0.30903908750000003 0.69607843125 0.31392508124999996 0.690257353125 0.31514657968750004 0.684436275 0.31392508124999996 0.6556372546875 0.312907165625 0.6510416671875 0.3125 0.640931371875 0.312907165625 0.6185661765625 0.3116856671875 0.6060049015625 0.310057003125 0.6004901953124999 0.3094462546875 0.5686274515624999 0.3088355046875 0.561274509375 0.308021171875 0.5588235296875 0.3078175890625 0.5493259796875 0.306799675 0.5447303921875 0.305171009375 0.511335784375 0.304356678125 0.5091911765625 0.3039495109375 0.5045955875 0.3033387625 0.504289215625 0.3027280125 0.484375 0.3021172640625 0.484068628125 0.3015065140625 0.45863970624999995 0.3004886 0.4522058828125 0.300285015625 0.4454656859375 0.299470684375 0.44301470624999995 0.2992671015625 0.4286151953125 0.2982491859375 0.421568628125 0.2982491859375 0.3970588234375 0.2970276875 0.38511029375 0.2970276875 0.37254902031250003 0.296009771875 0.3670343140625 0.2953990234375 0.322303921875 0.29478827343749997 0.3216911765625 0.294177525 0.304227940625 0.293566775 0.30392156875 0.2919381109375 0.28799019531250003 0.2919381109375 0.2705269609375 0.2909201953125 0.26164215625 0.2909201953125 0.2552083328125 0.2919381109375 0.2506127453125 0.2953990234375 0.24417892187499998 0.296009771875 0.2408088234375 0.2982491859375 0.237438725 0.2982491859375 0.2349877453125 0.2992671015625 0.23161764687500003 0.300285015625 0.23069852968750001 0.3015065140625 0.227022059375 0.304356678125 0.22334558750000003 0.30557817656249997 0.21875 0.30720684062500003 0.2162990203125 0.310057003125 0.2080269609375 0.31127850156250003 0.20710784375000002 0.312907165625 0.2006740203125 0.31514657968750004 0.1969975484375 0.3157573296875 0.19301470625 0.320643321875 0.187806371875 0.3287866453125 0.1853553921875 0.3306188921875 0.18351715625 0.3481270359375 0.18351715625 0.35118078124999996 0.1825980390625 0.359120521875 0.18351715625 0.36135993437499997 0.179227940625 0.3640065140625 0.17738970625 0.364820846875 0.17585784375 0.37153908750000003 0.171875 0.37927524375 0.171875 0.3829397390625 0.17003676406249998 0.3849755703125 0.17003676406249998 0.3870114 0.1685049015625 0.39535830625 0.1681985296875 0.397801303125 0.1666666671875 0.40105863125 0.1666666671875 0.40411237812499995 0.1651348046875 0.41184853437499996 0.1642156859375 0.41469869687500005 0.1623774515625 0.42609934843749997 0.1614583328125 0.4366856671875 0.156556371875 0.4537866453125 0.1556372546875 0.45928338750000003 0.15318627499999998 0.4619299671875 0.15318627499999998 0.4623371328125 0.15226715625 0.467426709375 0.15226715625 0.47231270312499996 0.1498161765625 0.47679153124999996 0.1498161765625 0.4843241046875 0.14767156875 0.488395765625 0.147977940625 0.489820846875 0.146446078125 0.494299675 0.144914215625 0.50203583125 0.1439950984375 0.5022394140625 0.14307597968750002 0.510179153125 0.14215686249999998 0.5103827359374999 0.1412377453125 0.524226384375 0.13878676406249998 0.52666938125 0.1369485296875 0.52666938125 0.1314338234375 0.52605863125 0.126225490625 0.5252443 0.12591911718749998 0.522190553125 0.11948529375000001 0.51689739375 0.11519607812499999 0.5146579796874999 0.11182597968750001 0.513029315625 0.1115196078125 0.5124185671875 0.1099877453125 0.5054967421875001 0.109375 0.5050895765625001 0.1084558828125 0.50427524375 0.109375 0.4879886 0.109375 0.47862377812499995 0.1115196078125 0.4678338765625 0.112438725 0.4454397390625 0.112438725 0.43017100937499997 0.11427696093749999 0.42487785 0.113664215625 0.42385993437499997 0.11488970624999999 0.41836319218750007 0.1170343140625 0.41571661249999997 0.1161151953125 0.40472312656250004 0.116727940625 0.3998371328125 0.11519607812499999 0.3870114 0.11519607812499999 0.3835504890625 0.113664215625 0.3589169375 0.11335784374999999 0.3495521171875 0.11182597968750001 0.345887621875 0.109375 0.34425895781250004 0.109375 0.344055375 0.1084558828125 0.3344869703125 0.1084558828125 0.33428338750000003 0.109375 0.32614006562500003 0.1102941171875 0.3239006515625 0.1115196078125 0.3021172640625 0.113664215625 0.3006921828125 0.11488970624999999 0.29478827343749997 0.11519607812499999 0.286848534375 0.117647059375 0.2835912046875 0.117647059375 0.283387621875 0.11856617656249999 0.2656758953125 0.11948529375000001 0.2536644953125 0.1228553921875 0.23228827343749997 0.126225490625 0.2298452765625 0.12683823593750002 0.22943811093750002 0.127757353125 0.21986970625 0.1286764703125 0.2196661234375 0.1295955875 0.2129478828125 0.1295955875 0.2023615640625 0.13204656875 0.197679153125 0.13204656875 0.175895765625 0.1369485296875 0.161237784375 0.137867646875 0.16103420156249998 0.13878676406249998 0.1563517921875 0.13970588281250002 0.1412866453125 0.13878676406249998 0.1243892515625 0.13970588281250002 0.1117671015625 0.14307597968750002 0.1089169375 0.146446078125 0.1032166125 0.15073529375 0.10219869687500001 0.15318627499999998 0.09833061875 0.15808823593750002 0.0975162859375 0.1608455875 0.09527687343749999 0.16329656875 0.094055375 0.1681985296875 0.08855863124999999 0.1786151953125 0.0873371328125 0.183210784375 0.084690553125 0.187806371875 0.0816368078125 0.1954656859375 0.0816368078125 0.20588235312499997 0.08285830625 0.21017156875 0.0850977203125 0.23069852968750001 0.08631921875000001 0.23345588281250002
2 0.7003257328125 0.11427696093749999 0.700529315625 0.116727940625 0.7027687296875 0.1182598046875 0.7100977203125 0.1182598046875 0.7111156359375 0.11488970624999999 0.71131921875 0.11060049062499999 0.7145765468749999 0.10232843124999999 0.7147801296875 0.090992646875 0.7162052125 0.0814950984375 0.715187296875 0.0787377453125 0.7100977203125 0.073835784375 0.7066368078124999 0.07291666718749999 0.70439739375 0.0747549015625 0.7027687296875 0.0772058828125 0.7025651468749999 0.0857843140625 0.7017508140625 0.08823529375 0.70154723125 0.0931372546875 0.700529315625 0.0955882359375 0.700529315625 0.10232843124999999 0.6995114 0.105085784375 0.6995114 0.11335784374999999 0.7003257328125 0.11427696093749999
2 0.4959283390625 0.0579044125 0.4965390875 0.056678921874999996 0.497557003125 0.057598039062499995 0.4963355046875 0.0560661765625 0.494299675 0.0560661765625 0.491856678125 0.057598039062499995 0.494096090625 0.0579044125 0.494299675 0.0563725484375 0.4959283390625 0.0579044125
2 0.796009771875 0.053615195312499996 0.796620521875 0.053615195312499996 0.796620521875 0.0493259796875 0.796009771875 0.053615195312499996
2 0.521376221875 0.0364583328125 0.5225977203125 0.0364583328125 0.5215798046875 0.0358455875 0.521376221875 0.0364583328125
2 0.53868078125 0.0364583328125 0.5372557 0.034313725 0.53583061875 0.034007353125 0.5346091203125 0.0349264703125 0.533998371875 0.0364583328125 0.5352198703125 0.037377451562500004 0.5384771984375 0.037377451562500004 0.53868078125 0.0364583328125
2 0.4313925078125 0.048406862499999995 0.428745928125 0.0490196078125 0.4277280125 0.056678921874999996 0.428745928125 0.06403186250000001 0.428745928125 0.0719975484375 0.4271172640625 0.0772058828125 0.42609934843749997 0.0857843140625 0.4271172640625 0.0891544125 0.427320846875 0.0931372546875 0.42833876249999997 0.094975490625 0.42833876249999997 0.09895833281250001 0.431596090625 0.09895833281250001 0.4334283390625 0.098039215625 0.435667753125 0.09528186250000001 0.4362785015625 0.0983455875 0.4383143328125 0.09895833281250001 0.43851791562500003 0.0998774515625 0.4450325734375 0.10079656875000001 0.4454397390625 0.1017156859375 0.45480456093750005 0.10232843124999999 0.4594869703125 0.1041666671875 0.47048045624999996 0.1041666671875 0.47333061875000004 0.1056985296875 0.47821661249999997 0.1056985296875 0.4839169375 0.10355392187500001 0.487785015625 0.10324754843749999 0.4902280125 0.1041666671875 0.4914495109375 0.1056985296875 0.512214984375 0.1060049015625 0.5148615640624999 0.10753676406249998 0.518526059375 0.1115196078125 0.5187296421875 0.1127450984375 0.5209690546875 0.113664215625 0.5282980453125 0.121936275 0.531555375 0.1286764703125 0.5327768734375 0.134803921875 0.53583061875 0.137867646875 0.5447882734375 0.1369485296875 0.5472312703125 0.1354166671875 0.5594462546875001 0.13357843125 0.5612785015624999 0.1329656859375 0.5614820843749999 0.13204656875 0.5688110749999999 0.1311274515625 0.5692182406249999 0.1302083328125 0.575529315625 0.1302083328125 0.581840390625 0.12806372500000002 0.5861156359375 0.127757353125 0.5907980453125 0.1234681375 0.592426709375 0.117647059375 0.592426709375 0.113664215625 0.5942589578125 0.10079656875000001 0.5975162859375 0.090992646875 0.598737784375 0.09068627500000001 0.5997557 0.0888480390625 0.6005700328125 0.0848651953125 0.6009771984375 0.079350490625 0.6019951140625001 0.0756740203125 0.6019951140625001 0.07107843124999999 0.5999592828125 0.0643382359375 0.5999592828125 0.0625 0.602198696875 0.05698529375 0.6032166125 0.049632353125 0.6044381109375 0.0474877453125 0.6060667750000001 0.039828431250000004 0.6054560265625 0.032475490625 0.6040309453125 0.026654412500000002 0.60118078125 0.0202205875 0.6009771984375 0.014399509375 0.6001628671875 0.011948529687499999 0.594055375 0.0079656859375 0.5936482078124999 0.0052083328125 0.59201954375 0.002757353125 0.588762215625 0.0036764703125 0.5840798046875 0.003063725 0.5814332249999999 0.004289215625 0.58000814375 0.003063725 0.5749185671875 0.0021446078125 0.571254071875 0.0045955875 0.5692182406249999 0.0045955875 0.5677931593750001 0.0061274515625 0.5641286640625001 0.0036764703125 0.5625 0.0052083328125 0.5612785015624999 0.00857843125 0.5612785015624999 0.01164215625 0.558631921875 0.012867646875 0.5510993484375 0.012867646875 0.5423452765625 0.010416667187500001 0.539698696875 0.00857843125 0.536237784375 0.00857843125 0.532573290625 0.011948529687499999 0.527687296875 0.011948529687499999 0.52605863125 0.0110294125 0.5195439734375 0.011948529687499999 0.5152687296875 0.011335784375000001 0.513640065625 0.015318628125 0.51404723125 0.0189950984375 0.510179153125 0.0220588234375 0.5118078171875 0.02573529375 0.5105863187499999 0.031556371875 0.5085504890625 0.034007353125 0.5057003250000001 0.0349264703125 0.50488599375 0.0349264703125 0.5036644953125 0.030637254687499997 0.5050895765625001 0.030637254687499997 0.5057003250000001 0.029718137500000002 0.5050895765625001 0.0193014703125 0.5061074921875 0.015318628125 0.5054967421875001 0.013786764062500002 0.50427524375 0.013786764062500002 0.50203583125 0.0079656859375 0.501832246875 0.009803921875 0.5010179156250001 0.009803921875 0.5007465390625 0.0079656859375 0.498167753125 0.0079656859375 0.49511400625 0.011335784375000001 0.483509771875 0.008884804687500001 0.46986970625 0.0079656859375 0.46539087968750004 0.011948529687499999 0.46355863125 0.018688725 0.46213355 0.020526960937499998 0.45684039062500004 0.022977940625000002 0.4537866453125 0.02573529375 0.4576547234375 0.02726715625 0.45887622187500005 0.029718137500000002 0.4535830625 0.034007353125 0.4517508140625 0.034007353125 0.4503257328125 0.032781862499999995 0.4499185671875 0.029718137500000002 0.447679153125 0.026960784375 0.4464576546875 0.0189950984375 0.441978828125 0.019914215625000002 0.439942996875 0.022977940625000002 0.432206840625 0.022977940625000002 0.4295602609375 0.02726715625 0.42833876249999997 0.034007353125 0.42833876249999997 0.0376838234375 0.429356678125 0.042585784375000005 0.431799675 0.046875 0.4313925078125 0.048406862499999995
2 0.7062296421875 0.1302083328125 0.7100977203125 0.1302083328125 0.7066368078124999 0.127757353125 0.7062296421875 0.1302083328125
2 0.6982899015624999 0.105085784375 0.6982899015624999 0.113664215625 0.6993078171875 0.11856617656249999 0.6982899015624999 0.12683823593750002 0.6993078171875 0.127757353125 0.6999185671875 0.1271446078125 0.6999185671875 0.12316176406249998 0.701140065625 0.12101715625000001 0.7064332249999999 0.1204044125 0.7100977203125 0.121936275 0.71070846875 0.11642156875000001 0.711726384375 0.113664215625 0.71355863125 0.11182597968750001 0.71355863125 0.1087622546875 0.7145765468749999 0.1060049015625 0.715187296875 0.101102940625 0.7162052125 0.0998774515625 0.7164087953125 0.0958946078125 0.71701954375 0.0955882359375 0.71701954375 0.0931372546875 0.7164087953125 0.0928308828125 0.717426709375 0.08823529375 0.71701954375 0.082414215625 0.7145765468749999 0.076899509375 0.7098941375 0.0719975484375 0.70785830625 0.07107843124999999 0.7066368078124999 0.0692401953125 0.7066368078124999 0.06770833281250001 0.7056188921875 0.06770833281250001 0.70439739375 0.0689338234375 0.70439739375 0.0701593140625 0.7027687296875 0.07291666718749999 0.7025651468749999 0.075367646875 0.7017508140625 0.0762867640625 0.7009364828125 0.0805759796875 0.7009364828125 0.08517156875000001 0.6999185671875 0.0888480390625 0.7003257328125 0.0912990203125 0.6995114 0.0946691171875 0.6993078171875 0.1026348046875 0.6982899015624999 0.105085784375
2 0.9087947875 0.83976715625 0.9106270359374999 0.8416053921875 0.9138843640625 0.8422181375 0.9140879484375001 0.8431372546875 0.915309446875 0.8431372546875 0.9173452765624999 0.844975490625 0.9226384359375001 0.846813725 0.924470684375 0.8489583328125001 0.9283387624999999 0.84926470625 0.931799675 0.8507965687500001 0.933021171875 0.8523284312499999 0.9372964171874999 0.8532475484375001 0.9397394140625 0.8556985296875 0.9446254078124999 0.856617646875 0.9482899015624999 0.8599877453125 0.9503257328125001 0.8602941171875 0.953379478125 0.86335784375 0.9548045609375 0.86335784375 0.959690553125 0.8667279406249999 0.9643729640625001 0.8676470593750001 0.9662052125 0.86948529375 0.9706840390625 0.87101715625 0.973737784375 0.8734681375 0.9757736156249999 0.8734681375 0.9759771984375 0.8743872546875 0.9790309453124999 0.875306371875 0.980048859375 0.8768382359375 0.9826954390625 0.8771446078125 0.9896172640625001 0.8820465687500001 0.99226384375 0.8829656859374999 0.994299675 0.8854166671874999 0.9997964171874999 0.8854166671874999 0.9997964171874999 0.86488970625 0.9977605859375 0.8642769609375 0.997557003125 0.8618259796875 0.9953175890624999 0.856311275 0.9953175890624999 0.8520220593750001 0.9965390875000001 0.8489583328125001 0.9965390875000001 0.8443627453125 0.998167753125 0.83976715625 0.9997964171874999 0.83976715625 0.9997964171874999 0.8109681375 0.997557003125 0.8106617640625 0.997557003125 0.80698529375 0.998167753125 0.8060661765624999 0.9997964171874999 0.8060661765624999 0.9997964171874999 0.7738970593750001 0.9979641687499999 0.7738970593750001 0.9965390875000001 0.7689950984375 0.994096090625 0.765318628125 0.9953175890624999 0.7591911765625 0.9959283390625 0.75857843125 0.9953175890624999 0.75704656875 0.994096090625 0.75704656875 0.992671009375 0.7552083328125 0.9945032578124999 0.750306371875 0.9997964171874999 0.751225490625 0.9997964171874999 0.7297794125 0.998167753125 0.7297794125 0.997557003125 0.72732843125 0.9953175890624999 0.72426470625 0.992671009375 0.7239583328125 0.9908387624999999 0.721813725 0.9912459281249999 0.7181372546875 0.9949104234374999 0.7166053921875 0.994706840625 0.7123161765625 0.9930781765625 0.7083333328125 0.9930781765625 0.706188725 0.994706840625 0.7037377453125 0.994096090625 0.69914215625 0.9959283390625 0.6920955875 0.9949104234374999 0.6890318625 0.9965390875000001 0.6853553921875 0.994299675 0.67892156875 0.9945032578124999 0.6770833328125 0.9959283390625 0.6752450984375 0.9963355046875 0.6709558828125 0.9953175890624999 0.667585784375 0.9963355046875 0.6642156859375 0.9953175890624999 0.6629901953124999 0.9938925078124999 0.657475490625 0.9953175890624999 0.6556372546875 0.9965390875000001 0.6482843140625 0.9965390875000001 0.643688725 0.9949104234374999 0.6400122546875 0.9971498375 0.6369485296875 0.9977605859375 0.6332720593750001 0.9997964171874999 0.6329656859375 0.9997964171874999 0.6099877453125 0.997557003125 0.609375 0.997557003125 0.6044730390625 0.998167753125 0.603553921875 0.9997964171874999 0.603553921875 0.9997964171874999 0.576899509375 0.9973534203125001 0.5762867640625 0.994706840625 0.5729166671875 0.986970684375 0.57107843125 0.9835097718749999 0.5689338234375 0.977809446875 0.5686274515624999 0.9776058624999999 0.5677083328125 0.97394136875 0.566789215625 0.9731270359374999 0.565563725 0.963762215625 0.5634191171875 0.95500814375 0.559436275 0.95012215 0.559436275 0.9493078171875 0.55851715625 0.9491042343749999 0.559436275 0.9466612375000001 0.5603553921875 0.9454397390624999 0.562806371875 0.9446254078124999 0.566789215625 0.9438110749999999 0.5670955875 0.9429967421875001 0.5775122546875 0.941978828125 0.5796568625 0.9417752437500001 0.5848651953124999 0.9409609124999999 0.5873161765625 0.9407573296875 0.592524509375 0.9397394140625 0.594975490625 0.9391286640625 0.6017156859375 0.9385179156250001 0.60232843125 0.9377035828125001 0.6072303921875 0.9362785015625 0.609375 0.9362785015625 0.612438725 0.9340390875000001 0.6185661765625 0.9340390875000001 0.6243872546875 0.9328175890624999 0.6274509796875 0.9328175890624999 0.6295955875 0.931596090625 0.6302083328125 0.9271172640625001 0.626225490625 0.9220276875 0.625306371875 0.9214169375000001 0.6302083328125 0.9254886000000001 0.63204656875 0.9260993484375 0.6332720593750001 0.9254886000000001 0.6369485296875 0.9212133546875 0.6397058828125 0.9185667750000001 0.640318628125 0.9197882734375 0.6439950984375 0.9222312703125001 0.6439950984375 0.9220276875 0.64460784375 0.92487785 0.6439950984375 0.9250814328124999 0.6430759796875 0.9254886000000001 0.643688725 0.9260993484375 0.6513480390625 0.923859934375 0.6541053921875 0.9267100984375001 0.6577818625 0.9265065140625 0.6611519609375 0.9254886000000001 0.66329656875 0.9258957656250001 0.6783088234375 0.924470684375 0.6801470593750001 0.9226384359375001 0.6853553921875 0.9232491859374999 0.6890318625 0.9222312703125001 0.6911764703125 0.9220276875 0.6963848046875001 0.9197882734375 0.703125 0.9181596093750001 0.7196691171875 0.917548859375 0.719975490625 0.9173452765624999 0.723039215625 0.9157166125 0.7264093140625 0.9157166125 0.7310049015625 0.9146986968749999 0.7325367640625 0.9134771984375 0.7377450984375 0.9122557 0.7475490203125 0.91144136875 0.7484681375 0.908387621875 0.765625 0.9073697062500001 0.7677696078125 0.9061482078124999 0.778186275 0.9039087953125 0.784007353125 0.902687296875 0.793811275 0.90166938125 0.796568628125 0.90166938125 0.8002450984375 0.9004478828125 0.8017769609375 0.8986156359375 0.8125 0.8975977203125 0.813725490625 0.8975977203125 0.81801470625 0.8965798046875 0.8219975484375001 0.896376221875 0.828431371875 0.897190553125 0.8348651953124999 0.90166938125 0.8379289218749999 0.9087947875 0.83976715625
2 0.012825732812499999 0 0.0124185671875 0.0018382359375 0.0048859937499999995 0.003063725 0.0032573296875 0.005821078125 0.0026465796875 0.009803921875 0.0028501625 0.015625 0.00203583125 0.0202205875 0.00142508125 0.021446078125 0 0.021446078125 0 0.044117646875 0.0016286640625000001 0.044117646875 0.0022394140625 0.0459558828125 0.0034609124999999998 0.066789215625 0.0032573296875 0.0716911765625 0.00203583125 0.0744485296875 0.00203583125 0.077818628125 0.0016286640625000001 0.0787377453125 0 0.0787377453125 0 0.21415441249999997 0.0016286640625000001 0.21415441249999997 0.0022394140625 0.21660539218750002 0.0054967421875 0.22089460781249998 0.006718240625000001 0.22395833281250002 0.006718240625000001 0.246936275 0.00834690625 0.2493872546875 0.012214984375 0.2493872546875 0.02035830625 0.25367647031249996 0.020765471875 0.2545955875 0.0258550484375 0.2552083328125 0.02951954375 0.25704656875 0.0352198703125 0.26194852968750004 0.038884364062499996 0.262867646875 0.0390879484375 0.2637867640625 0.043159609375000005 0.2662377453125 0.0464169375 0.2662377453125 0.0492671015625 0.26807597968749997 0.055578176562500005 0.26807597968749997 0.0602605859375 0.269914215625 0.061889251562500004 0.271446078125 0.0675895765625 0.27236519531250003 0.068811075 0.275428921875 0.07084690625 0.27787990156250003 0.07369706875000001 0.2791053921875 0.0749185671875 0.282475490625 0.0773615640625 0.2830882359375 0.07939739375 0.28492647031249996 0.0816368078125 0.285539215625 0.0850977203125 0.284007353125 0.08570846875 0.27573529375 0.0850977203125 0.27420343125 0.0850977203125 0.254289215625 0.08407980468750001 0.2509191171875 0.083876221875 0.238664215625 0.08224755624999999 0.22916666718749998 0.08122964218749999 0.227022059375 0.081026059375 0.221813725 0.07899022812499999 0.2120098046875 0.0787866453125 0.20710784375000002 0.07776872968750001 0.2025122546875 0.0781758953125 0.1966911765625 0.08285830625 0.1825980390625 0.0873371328125 0.1752450984375 0.08754071718749999 0.17279411718749998 0.09079804531249999 0.1666666671875 0.0914087953125 0.163602940625 0.0942589578125 0.15808823593750002 0.10342019531249999 0.14460784375 0.10789902343749999 0.14215686249999998 0.10810260625000001 0.1412377453125 0.11237785 0.140318628125 0.11868892499999999 0.1372549015625 0.13680781718749999 0.1344975484375 0.15451954375000002 0.1354166671875 0.16286645 0.1338848046875 0.1783387625 0.1329656859375 0.178745928125 0.13204656875 0.1897394140625 0.1311274515625 0.189942996875 0.1302083328125 0.195643321875 0.1286764703125 0.2037866453125 0.1286764703125 0.20785830624999999 0.1271446078125 0.22821661249999997 0.1243872546875 0.23635993437499997 0.12009803906250001 0.23737784999999997 0.116727940625 0.24531758906249998 0.117647059375 0.256311075 0.1161151953125 0.2561074921875 0.11427696093749999 0.254478828125 0.1130514703125 0.253868078125 0.10814950937500001 0.2522394140625 0.1056985296875 0.2522394140625 0.1017156859375 0.2516286640625 0.10018382343750001 0.25203583125 0.0955882359375 0.2491856671875 0.0919117640625 0.24938925156249997 0.08976715625000001 0.250407165625 0.08823529375 0.24531758906249998 0.085477940625 0.24531758906249998 0.082414215625 0.24653908750000003 0.0814950984375 0.24653908750000003 0.077818628125 0.247557003125 0.076899509375 0.24796416875 0.073835784375 0.2487785015625 0.073835784375 0.2497964171875 0.0762867640625 0.2516286640625 0.076899509375 0.2550895765625 0.07291666718749999 0.25549674218749996 0.06403186250000001 0.25671824062500004 0.061274509374999994 0.25671824062500004 0.057598039062499995 0.25549674218749996 0.05392156875 0.25549674218749996 0.05085784375 0.2532573296875 0.047181371875 0.25264657968750004 0.0447303921875 0.25264657968750004 0.0346200984375 0.253868078125 0.032475490625 0.2532573296875 0.0321691171875 0.25264657968750004 0.029105392187500002 0.253868078125 0.02726715625 0.253868078125 0.022671568750000003 0.2550895765625 0.02113970625 0.256311075 0.015625 0.2550895765625 0.010416667187500001 0.25264657968750004 0.008272059375 0.25346091249999997 0.0064338234375 0.2550895765625 0.0061274515625 0.25549674218749996 0.0045955875 0.25 0.004289215625 0.247557003125 0.0015318625 0.247557003125 0 0.1852605859375 0 0.18485342031250002 0.0018382359375 0.1777280125 0.002757353125 0.16999185625 0.002757353125 0.168566775 0.0018382359375 0.1649022796875 0.002757353125 0.1504478828125 0.0021446078125 0.1406758953125 0.003063725 0.137214984375 0.004289215625 0.1256107484375 0.002757353125 0.1233713359375 0.0018382359375 0.12316775312499999 0 0.11563517968749999 0 0.1152280125 0.0018382359375 0.0991449515625 0.003063725 0.0743078171875 0.0021446078125 0.071254071875 0.003063725 0.045195439062499995 0.0036764703125 0.031555375000000004 0.002757353125 0.027280129687499998 0.0018382359375 0.027076546875000003 0 0.012825732812499999 0
2 0.015879478125 0.3290441171875 0.0187296421875 0.33210784375 0.023819218750000003 0.3345588234375 0.026872964062499997 0.33486519531250003 0.0327768734375 0.33823529375 0.03583061875 0.33823529375 0.0380700328125 0.34129902031250003 0.039698696875 0.3416053921875 0.0407166125 0.3431372546875 0.043159609375000005 0.344056371875 0.0470276875 0.34742647031249996 0.054153093750000006 0.3489583328125 0.05456026093750001 0.3498774515625 0.058021171875 0.35079656875 0.060667753125 0.3532475484375 0.062296417187499994 0.3532475484375 0.0625 0.3541666671875 0.0675895765625 0.355085784375 0.06921824062500001 0.356617646875 0.0710504890625 0.35692402031250003 0.07369706875000001 0.3599877453125 0.07552931562500001 0.3602941171875 0.08000814375000001 0.36335784375 0.0842833875 0.3642769609375 0.09303745937499999 0.36948529375 0.0969055375 0.3700980390625 0.098737784375 0.3685661765625 0.0981270359375 0.348039215625 0.096498371875 0.339460784375 0.095887621875 0.33057597968749997 0.0936482078125 0.3229166671875 0.092426709375 0.30851715625 0.09079804531249999 0.3017769609375 0.08855863124999999 0.2974877453125 0.0869299671875 0.2974877453125 0.0759364828125 0.2907475484375 0.07145765468750001 0.28982843125 0.0659609125 0.2907475484375 0.061482084375 0.294117646875 0.0594462546875 0.29442402031250003 0.056188925 0.2974877453125 0.054153093750000006 0.301164215625 0.0492671015625 0.30085784375 0.046620521875 0.3017769609375 0.042548859375 0.30085784375 0.041123778124999996 0.3017769609375 0.036237784375 0.3017769609375 0.0307410421875 0.305147059375 0.0278908796875 0.305147059375 0.021579804687500002 0.3075980390625 0.021376221875 0.30851715625 0.016490228125 0.30943627500000004 0.0162866453125 0.3103553921875 0.014861564062499999 0.3109681375 0.0124185671875 0.3109681375 0.0103827359375 0.3125 0.0079397390625 0.312806371875 0.0071254078125 0.3146446078125 0.006718240625000001 0.3177083328125 0.00834690625 0.3229166671875 0.01119706875 0.326899509375 0.015879478125 0.3290441171875
2 0 0.4393382359375 0.00203583125 0.4393382359375 0.0034609124999999998 0.437806371875 0.0089576546875 0.4359681375 0.010179153125 0.43443627500000004 0.0191368078125 0.431678921875 0.0278908796875 0.42677696093749995 0.0350162859375 0.42432597968749997 0.0352198703125 0.4234068625 0.0390879484375 0.4224877453125 0.0443811078125 0.41942402031250003 0.0470276875 0.419117646875 0.0517100984375 0.416053921875 0.05456026093750001 0.41574754843750006 0.060057003124999994 0.41329656875 0.0602605859375 0.41237745156249994 0.06392508125 0.4114583328125 0.066368078125 0.409007353125 0.07043973906249999 0.40226715625000004 0.0724755703125 0.40134803906250005 0.0749185671875 0.397977940625 0.07552931562500001 0.39368872499999996 0.0749185671875 0.3795955875 0.0728827359375 0.37837009843749997 0.0710504890625 0.375306371875 0.067793159375 0.375306371875 0.066368078125 0.37254902031250003 0.06392508125 0.3704044125 0.06087133593750001 0.36948529375 0.060667753125 0.3685661765625 0.055985342187499995 0.367647059375 0.0517100984375 0.3642769609375 0.0470276875 0.36274509843749997 0.044177525 0.3599877453125 0.042548859375 0.3599877453125 0.0415309453125 0.3584558828125 0.03644136875 0.35600490156250003 0.0356270359375 0.3532475484375 0.032573290625 0.3489583328125 0.0327768734375 0.344056371875 0.029315960937500003 0.344056371875 0.026669381250000002 0.3416053921875 0.020765471875 0.33976715625 0.012825732812499999 0.3330269609375 0.008143321875 0.33057597968749997 0.0079397390625 0.3296568625 0.0038680781249999996 0.3287377453125 0 0.3287377453125 0 0.4393382359375
2 0.7168159609375 0.13204656875 0.71701954375 0.1329656859375 0.7402280125 0.1354166671875 0.7430781765625001 0.1369485296875 0.7528501624999999 0.13878676406249998 0.7550895765625001 0.140318628125 0.7660830625 0.1412377453125 0.7662866453125 0.14215686249999998 0.7723941375 0.14307597968750002 0.7750407171875 0.146446078125 0.7754478828125 0.1495098046875 0.77605863125 0.1498161765625 0.77605863125 0.1541053921875 0.7789087953125 0.16942402031249998 0.783387621875 0.1752450984375 0.7880700328125 0.176164215625 0.7929560265625 0.179227940625 0.7953990234375 0.1822916671875 0.796620521875 0.1868872546875 0.7986563515625 0.1896446078125 0.799470684375 0.19454656875 0.7992671015624999 0.20526960781249998 0.7982491859375 0.2080269609375 0.796009771875 0.22089460781249998 0.7958061890625 0.22916666718749998 0.7947882734375 0.23529411718749998 0.7951954390625 0.2493872546875 0.7947882734375 0.25306372499999996 0.793159609375 0.2576593140625 0.7919381109375 0.275428921875 0.7913273609375 0.27573529375 0.7909201953125 0.2791053921875 0.7913273609375 0.2830882359375 0.7907166125 0.2876838234375 0.789698696875 0.29013480468749997 0.7894951140625001 0.30912990156250003 0.7874592828125 0.3219975484375 0.7872557 0.3302696078125 0.786237784375 0.3342524515625 0.78644136875 0.3422181375 0.78868078125 0.3483455875 0.7943811078125 0.3572303921875 0.796620521875 0.365196078125 0.7980456031250001 0.3670343140625 0.79987785 0.3728553921875 0.8021172640625001 0.376225490625 0.8033387624999999 0.38051470625 0.8090390875000001 0.390625 0.8118892515624999 0.398897059375 0.8167752437500001 0.4071691171875 0.8175895765625001 0.4114583328125 0.82023615625 0.41819852968750004 0.8208469062500001 0.4227941171875 0.8226791531250001 0.42585784374999996 0.8243078171875 0.43198529375000005 0.8281758953124999 0.4368872546875 0.832451140625 0.4353553921875 0.8350977203125 0.43259803906250005 0.8379478828125 0.427696078125 0.8432410421875 0.42432597968749997 0.8446661234375 0.4212622546875 0.8471091203125001 0.41942402031250003 0.84894136875 0.416053921875 0.8503664499999999 0.41574754843750006 0.855048859375 0.4053308828125 0.8566775249999999 0.40318627500000004 0.8572882734375 0.40012254843750006 0.8583061890625 0.398897059375 0.8597312703125001 0.391850490625 0.8629886000000001 0.386335784375 0.8633957656250001 0.376225490625 0.8640065140625 0.375306371875 0.8646172640625001 0.3697916671875 0.8652280125 0.36948529375 0.8658387624999999 0.362132353125 0.8664495109375 0.36182597968749997 0.8670602609375001 0.3498774515625 0.8664495109375 0.3455882359375 0.8680781765625 0.3422181375 0.8680781765625 0.34007352968750004 0.8695032578124999 0.3360906859375 0.8741856671875 0.3287377453125 0.875 0.32138480468749997 0.8756107484375001 0.299632353125 0.8776465796874999 0.28982843125 0.8782573296875 0.26317402031250003 0.8788680781249999 0.262867646875 0.879478828125 0.25398284375 0.8804967421875001 0.2518382359375 0.8800895765625001 0.2481617640625 0.8811074921875001 0.241727940625 0.880700325 0.23223039218750002 0.882328990625 0.22395833281250002 0.8817182406249999 0.2169117640625 0.8833469062500001 0.21292892187499998 0.8839576546875 0.204350490625 0.8861970687499999 0.1963848046875 0.8868078171875 0.18443627499999998 0.8874185671875001 0.1841299015625 0.888029315625 0.1764705875 0.88904723125 0.17340686249999998 0.8892508140625001 0.1669730390625 0.8902687296874999 0.16329656875 0.890065146875 0.157475490625 0.88904723125 0.15441176406249998 0.8906758953124999 0.1495098046875 0.8914902281250001 0.139399509375 0.8937296421875001 0.129289215625 0.8937296421875001 0.1216299015625 0.8941368078125 0.11795343124999999 0.8947475562499999 0.117647059375 0.89535830625 0.109681371875 0.8959690546875001 0.109375 0.8965798046875 0.09926470625 0.8941368078125 0.096507353125 0.88558631875 0.096507353125 0.8851791531250001 0.0955882359375 0.8737785015625 0.094975490625 0.8709283390625 0.0955882359375 0.8707247562499999 0.096507353125 0.869299675 0.096507353125 0.8674674265625001 0.0983455875 0.8631921828125 0.10018382343750001 0.84548045625 0.0983455875 0.8452768734375 0.0974264703125 0.8395765468749999 0.09681372499999999 0.8312296421875001 0.09681372499999999 0.8287866453125 0.0974264703125 0.8285830624999999 0.0983455875 0.8259364828125 0.0983455875 0.825529315625 0.0974264703125 0.8214576546875 0.09681372499999999 0.8059853421875 0.096507353125 0.8055781765625 0.0955882359375 0.8000814328124999 0.094975490625 0.7964169375 0.0916053921875 0.794177525 0.09068627500000001 0.7852198703125 0.09068627500000001 0.7793159609375 0.0931372546875 0.7554967421875001 0.09681372499999999 0.7449104234374999 0.10079656875000001 0.7259771984375 0.10079656875000001 0.721498371875 0.1017156859375 0.717426709375 0.1041666671875 0.7153908796875 0.10753676406249998 0.7139657984375 0.1127450984375 0.7129478828125 0.113664215625 0.7123371328125 0.11550245156250001 0.7129478828125 0.1286764703125 0.71416938125 0.1311274515625 0.7168159609375 0.13204656875
2 0.9590798046875 0.99601715625 0.9600977203125 0.9975490203125 0.9600977203125 0.9993872546875 0.9959283390625 0.9993872546875 0.997557003125 0.9950980390625 0.9977605859375 0.9917279406249999 0.9997964171874999 0.9911151953124999 0.9997964171874999 0.96476715625 0.998167753125 0.964460784375 0.9977605859375 0.9601715687500001 0.9983713359375 0.95863970625 0.9997964171874999 0.95863970625 0.9997964171874999 0.9512867640625 0.9983713359375 0.9512867640625 0.9977605859375 0.950061275 0.997557003125 0.937806371875 0.9965390875000001 0.9368872546875 0.994706840625 0.936274509375 0.9936889250000001 0.937806371875 0.9898208468749999 0.9396446078125 0.9888029312500001 0.9411764703125 0.984120521875 0.9439338234375001 0.977809446875 0.950367646875 0.9755700328125 0.9512867640625 0.9753664499999999 0.9522058828125 0.974348534375 0.9522058828125 0.9684446250000001 0.957414215625 0.9664087953125 0.9580269609375 0.9629478828125 0.9613970593750001 0.9619299671875 0.9662990203125 0.9613192187499999 0.984068628125 0.9600977203125 0.9905024515624999 0.9590798046875 0.9926470593750001 0.9590798046875 0.99601715625
2 0 0.98835784375 0.0089576546875 0.9917279406249999 0.018526059375 0.987438725 0.0191368078125 0.9834558828125 0.01974755625 0.983149509375 0.01974755625 0.9764093140625001 0.0191368078125 0.9761029406249999 0.018526059375 0.969975490625 0.016490228125 0.964460784375 0.0156758953125 0.95863970625 0.01404723125 0.9537377453125 0.010179153125 0.9310661765624999 0.009161237499999999 0.9298406859374999 0.0079397390625 0.924938725 0.007736156249999999 0.917585784375 0.004478828125 0.9077818625 0.0038680781249999996 0.90226715625 0.0032573296875 0.901960784375 0.0026465796875 0.8982843140625001 0.0016286640625000001 0.8964460781250001 0 0.8964460781250001 0 0.98835784375
2 0.29478827343749997 0.268382353125 0.29478827343749997 0.29013480468749997 0.2958061890625 0.2974877453125 0.296009771875 0.3125 0.2970276875 0.316789215625 0.2970276875 0.3235294125 0.2982491859375 0.3275122546875 0.2982491859375 0.36182597968749997 0.2992671015625 0.36825980468749997 0.2992671015625 0.38664215625 0.29987785 0.3970588234375 0.3004886 0.39736519531250003 0.3004886 0.405024509375 0.30171009843749996 0.416053921875 0.30171009843749996 0.42616421562499995 0.3027280125 0.434742646875 0.302320846875 0.4393382359375 0.30313517968750003 0.44485294062499997 0.3033387625 0.46047794062499997 0.30496742656250003 0.469056371875 0.306799675 0.50704656875 0.30903908750000003 0.51164215625 0.30964983749999997 0.5162377453125 0.30903908750000003 0.5333946078125 0.30964983749999997 0.5591299015625 0.310667753125 0.565563725 0.310667753125 0.5704656859375 0.3122964171875 0.5747549015625 0.312907165625 0.5796568625 0.3125 0.592524509375 0.313517915625 0.60079656875 0.313517915625 0.6084558828125 0.3141286640625 0.609068628125 0.3141286640625 0.6142769609375 0.3147394140625 0.6158088234375 0.3147394140625 0.625306371875 0.3157573296875 0.628063725 0.316368078125 0.6338848046875001 0.31799674218749996 0.6792279406249999 0.32023615625 0.6985294125 0.32084690625 0.71476715625 0.3214576546875 0.7150735296875 0.32308631875 0.72732843125 0.32328990156250004 0.751225490625 0.3243078171875 0.7588848046875001 0.3245114 0.7729779406249999 0.3253257328125 0.77420343125 0.325529315625 0.780024509375 0.32654723125 0.7827818625 0.3267508140625 0.78982843125 0.3277687296875 0.7931985296875 0.3316368078125 0.7993259796875 0.3361156359375 0.8036151953124999 0.3379478828125 0.8066789218749999 0.345887621875 0.813725490625 0.346498371875 0.815257353125 0.34853420156250003 0.8161764703125 0.35118078124999996 0.8195465687500001 0.3576954390625 0.823835784375 0.367671009375 0.8339460781250001 0.3699104234375 0.8348651953124999 0.3782573296875 0.8431372546875 0.3910830625 0.8532475484375001 0.39189739375 0.855085784375 0.40370521249999997 0.8642769609375 0.408998371875 0.8700980390625 0.41388436406249995 0.8734681375 0.41592019531249996 0.876225490625 0.4228420203125 0.8811274515624999 0.424470684375 0.8835784312499999 0.42915309375 0.886335784375 0.4334283390625 0.8912377453125 0.4368892515625 0.8930759796875 0.4401465796875 0.8970588234375001 0.4474755703125 0.90226715625 0.4499185671875 0.9056372546875 0.4521579796875 0.906556371875 0.45500814375000004 0.9099264703125 0.45887622187500005 0.9123774515624999 0.46518729687500004 0.919117646875 0.46885179218750006 0.921568628125 0.47394136875 0.9267769609375 0.475773615625 0.92738970625 0.4818811078125 0.93351715625 0.4853420203125 0.934436275 0.4857491859375 0.9353553921875 0.49043159531249997 0.9359681375 0.494096090625 0.9393382359375 0.498167753125 0.940257353125 0.5091612375000001 0.9393382359375 0.5118078171875 0.934436275 0.5162866453125 0.93198529375 0.5162866453125 0.9276960781250001 0.5187296421875 0.9209558828125 0.52605863125 0.9209558828125 0.5278908796875 0.9224877453125 0.5321661234375 0.9234068625 0.53236970625 0.9243259796875 0.5374592828125 0.924938725 0.539698696875 0.9243259796875 0.5399022796875 0.9234068625 0.544177525 0.9209558828125 0.5464169375 0.917585784375 0.5504886 0.9139093140625001 0.5527280125 0.910539215625 0.5533387624999999 0.9071691171875 0.5596498375000001 0.8982843140625001 0.562907165625 0.8955269609375 0.5631107484375 0.8943014703125 0.566368078125 0.890318628125 0.5679967421875001 0.886335784375 0.580415309375 0.86948529375 0.5812296421875 0.8667279406249999 0.5850977203125 0.8618259796875 0.5865228015625 0.8584558828125 0.5914087953125 0.8541666671874999 0.5938517921875001 0.84926470625 0.5946661234375 0.8489583328125001 0.595073290625 0.8471200984375 0.5997557 0.8412990203125 0.600773615625 0.8385416671874999 0.6054560265625 0.8339460781250001 0.6078990234375 0.8302696078125 0.6078990234375 0.8290441171875 0.6135993484375 0.8210784312499999 0.6158387624999999 0.8161764703125 0.619096090625 0.8134191171875 0.623167753125 0.8054534312499999 0.6266286640625001 0.801164215625 0.629478828125 0.7959558828125 0.6329397390625 0.7931985296875 0.6355863187499999 0.7879901953124999 0.6378257328125 0.7858455875 0.638640065625 0.7830882359375 0.6400651468749999 0.7821691171875 0.64189739375 0.7791053921875 0.64250814375 0.7763480390625 0.6441368078124999 0.7738970593750001 0.6459690546875 0.7729779406249999 0.6475977203125 0.768688725 0.6522801296875 0.7610294125 0.65451954375 0.7588848046875001 0.6577768734375 0.7536764703125 0.6596091203125 0.752757353125 0.671009771875 0.7334558828125 0.675285015625 0.730085784375 0.6769136812500001 0.72579656875 0.6783387624999999 0.7248774515624999 0.6842426703125 0.71476715625 0.6889250812500001 0.708946078125 0.6891286640625001 0.707414215625 0.691368078125 0.7046568625 0.6929967421875001 0.700367646875 0.6970684046875 0.6954656859375 0.697679153125 0.6927083328125 0.70154723125 0.688725490625 0.7070439734375 0.677696078125 0.7084690546875 0.6767769609375 0.7109120515625 0.6724877453125 0.7123371328125 0.671568628125 0.7196661234375 0.6611519609375 0.720073290625 0.659313725 0.7231270359375 0.6556372546875 0.7255700328125 0.650428921875 0.7308631921875001 0.646446078125 0.732084690625 0.643382353125 0.7347312703125 0.640318628125 0.7357491859375 0.640318628125 0.7367671015624999 0.6372549015625 0.7402280125 0.6329656859375 0.7408387624999999 0.6302083328125 0.744096090625 0.625306371875 0.745521171875 0.62101715625 0.7469462546875001 0.619178921875 0.74796416875 0.61488970625 0.750407165625 0.612438725 0.750407165625 0.6112132359375 0.7526465796874999 0.606617646875 0.7532573296875 0.6026348046875001 0.75427524375 0.6014093140625 0.7554967421875001 0.5952818625 0.7567182406249999 0.5931372546875 0.7589576546875 0.578431371875 0.76119706875 0.57107843125 0.7618078171875 0.5579044125 0.7624185671875 0.5575980390625 0.763029315625 0.535539215625 0.76404723125 0.532475490625 0.7642508140625 0.5251225484375001 0.7662866453125 0.5162377453125 0.76750814375 0.5015318625 0.7691368078124999 0.49448529375000005 0.7691368078124999 0.49142156875 0.76974755625 0.4911151953125 0.77035830625 0.47181372499999996 0.7709690546875 0.471507353125 0.7719869703125 0.46047794062499997 0.7715798046875 0.4515931375 0.7725977203125 0.44944852968750004 0.772801303125 0.42922794062499997 0.7748371328125 0.4126838234375 0.7754478828125 0.4114583328125 0.7764657984375 0.39399509843749997 0.777687296875 0.389399509375 0.777687296875 0.384803921875 0.7782980453125 0.3844975484375 0.7789087953125 0.3587622546875 0.77951954375 0.358149509375 0.779926709375 0.3529411765625 0.781555375 0.3489583328125 0.78236970625 0.3419117640625 0.783387621875 0.3388480390625 0.783387621875 0.320772059375 0.7846091203125 0.3146446078125 0.7852198703125 0.30392156875 0.786237784375 0.30024509843749997 0.786237784375 0.2947303921875 0.786848534375 0.29442402031250003 0.7874592828125 0.2794117640625 0.7884771984375 0.2748161765625 0.78868078125 0.269914215625 0.7894951140625001 0.26807597968749997 0.789698696875 0.26164215625 0.7913273609375 0.2518382359375 0.7915309453125 0.23590686249999998 0.793159609375 0.22395833281250002 0.793159609375 0.2169117640625 0.7935667750000001 0.21354166718749998 0.794177525 0.21323529375 0.7947882734375 0.20036764687500003 0.794177525 0.18933823593750002 0.7935667750000001 0.18903186249999998 0.792548859375 0.1853553921875 0.789698696875 0.18198529375 0.78868078125 0.18198529375 0.786237784375 0.1795343140625 0.78013029375 0.1783088234375 0.77605863125 0.1755514703125 0.7750407171875 0.172181371875 0.7748371328125 0.16482843125 0.7736156359375 0.15808823593750002 0.772801303125 0.156556371875 0.7725977203125 0.15318627499999998 0.7701547234375 0.1485906859375 0.768526059375 0.1473651953125 0.7607899015624999 0.14613970625 0.7589576546875 0.144914215625 0.7447068406249999 0.1427696078125 0.7367671015624999 0.13970588281250002 0.7210912046875 0.13970588281250002 0.718037459375 0.13878676406249998 0.7157980453125 0.1369485296875 0.711726384375 0.136335784375 0.6993078171875 0.1369485296875 0.697679153125 0.1412377453125 0.697679153125 0.144914215625 0.6966612375000001 0.1473651953125 0.6966612375000001 0.1513480390625 0.69584690625 0.1541053921875 0.6925895765625001 0.15808823593750002 0.689332246875 0.15808823593750002 0.680171009375 0.15226715625 0.677320846875 0.15226715625 0.67630293125 0.15318627499999998 0.671620521875 0.1528799015625 0.668159609375 0.1482843140625 0.666734528125 0.147977940625 0.6500407171875 0.146446078125 0.6469869703125 0.144914215625 0.6392508140625 0.14460784375 0.6374185671875 0.14368872500000002 0.633754071875 0.144914215625 0.6192996749999999 0.14460784375 0.616856678125 0.14307597968750002 0.6129886 0.14307597968750002 0.6101384359375001 0.14154411718749998 0.6062703578125 0.1412377453125 0.6001628671875 0.1369485296875 0.599348534375 0.1338848046875 0.59548045625 0.1329656859375 0.5914087953125 0.13051470625 0.584690553125 0.13051470625 0.580822475 0.13204656875 0.5745114 0.13204656875 0.5657573296875 0.13357843125 0.562092834375 0.1354166671875 0.5482491859375 0.137867646875 0.5480456031250001 0.13878676406249998 0.5394951140625001 0.13970588281250002 0.5356270359375 0.1412377453125 0.5342019546875 0.1427696078125 0.5236156359375 0.144914215625 0.521376221875 0.14613970625 0.5150651468749999 0.146446078125 0.50773615625 0.148897059375 0.504478828125 0.148897059375 0.50427524375 0.1498161765625 0.4930781765625 0.15073529375 0.4853420203125 0.15379902031249998 0.473737784375 0.1556372546875 0.45907980468750004 0.1599264703125 0.45439739375 0.1599264703125 0.4541938109375 0.1608455875 0.45114006562500003 0.1608455875 0.4460504890625 0.16329656875 0.4409609125 0.16329656875 0.4377035828125 0.16482843125 0.431799675 0.1651348046875 0.41592019531249996 0.169117646875 0.41021987031249996 0.169117646875 0.41001628593749995 0.17003676406249998 0.40614820781249994 0.17003676406249998 0.40268729687500004 0.17095588281250002 0.40248371406250005 0.171875 0.3965798046875 0.17279411718749998 0.390065146875 0.17585784375 0.38273615625 0.176164215625 0.3780537453125 0.177696078125 0.3703175890625 0.177696078125 0.36726384375 0.1810661765625 0.366245928125 0.1810661765625 0.3640065140625 0.18658088281250002 0.36237785 0.188725490625 0.36237785 0.190257353125 0.3593241046875 0.1927083328125 0.35525244375 0.1927083328125 0.35036645 0.1911764703125 0.344055375 0.1911764703125 0.33631921875000004 0.18933823593750002 0.3312296421875 0.1896446078125 0.32206840468750003 0.1920955875 0.32084690625 0.1927083328125 0.316978828125 0.1979166671875 0.3147394140625 0.20465686249999998 0.312907165625 0.207414215625 0.3116856671875 0.2123161765625 0.30964983749999997 0.215686275 0.30903908750000003 0.21966911718749998 0.3033387625 0.23069852968750001 0.30313517968750003 0.233149509375 0.29987785 0.2392769609375 0.298045603125 0.2450980390625 0.29478827343749997 0.2518382359375 0.29478827343749997 0.25367647031249996 0.2937703578125 0.2561274515625 0.2937703578125 0.261335784375 0.29478827343749997 0.268382353125
2 0.2408387625 0.08823529375 0.2408387625 0.09375 0.24124592812499998 0.0946691171875 0.244706840625 0.0946691171875 0.2459283390625 0.09221813749999999 0.2459283390625 0.08823529375 0.2430781765625 0.0860906859375 0.241856678125 0.083946078125 0.24124592812499998 0.0802696078125 0.2408387625 0.08210784374999999 0.2420602609375 0.0857843140625 0.24124592812499998 0.0860906859375 0.2408387625 0.08823529375
2 0.243688925 0.061887254687500004 0.2434853421875 0.0603553921875 0.24144951093749997 0.05851715625 0.2408387625 0.05851715625 0.24022801249999998 0.0603553921875 0.239820846875 0.065257353125 0.24144951093749997 0.0701593140625 0.243688925 0.06770833281250001 0.243688925 0.061887254687500004
2 0.2856270359375 0 0.285423453125 0.0018382359375 0.281555375 0.003063725 0.279926709375 0.0045955875 0.25834690625 0.0036764703125 0.25671824062500004 0.0052083328125 0.25671824062500004 0.013174020312500001 0.257328990625 0.016850490625 0.2571254078125 0.018688725 0.25549674218749996 0.0217524515625 0.25549674218749996 0.024203431249999997 0.25834690625 0.0318627453125 0.2579397390625 0.038296568749999996 0.25834690625 0.0392156859375 0.2624185671875 0.0392156859375 0.2652687296875 0.04136029375 0.265879478125 0.045343137500000005 0.2656758953125 0.0505514703125 0.266490228125 0.0533088234375 0.266490228125 0.05698529375 0.2656758953125 0.0579044125 0.2579397390625 0.05851715625 0.2561074921875 0.0603553921875 0.25549674218749996 0.06770833281250001 0.25773615625 0.072303921875 0.2579397390625 0.0775122546875 0.2565146578125 0.0799632359375 0.2532573296875 0.0814950984375 0.25529315937499997 0.08210784374999999 0.2589576546875 0.0876225484375 0.25956840468750003 0.113664215625 0.260179153125 0.11488970624999999 0.2691368078125 0.1161151953125 0.2748371328125 0.11488970624999999 0.27666938124999996 0.113664215625 0.294177525 0.1127450984375 0.2943811078125 0.11182597968750001 0.3010993484375 0.1115196078125 0.304356678125 0.1109068625 0.3045602609375 0.1099877453125 0.31799674218749996 0.109375 0.32206840468750003 0.10753676406249998 0.32939739375 0.1060049015625 0.3397801296875 0.1056985296875 0.3446661234375 0.10324754843749999 0.345887621875 0.0974264703125 0.34710912031249996 0.078125 0.3481270359375 0.0756740203125 0.348737784375 0.06648284374999999 0.349348534375 0.0661764703125 0.3499592828125 0.062806371875 0.3499592828125 0.0579044125 0.35260586250000003 0.040747548437499996 0.352198696875 0.02726715625 0.3548452765625 0.01960784375 0.3548452765625 0.014705882812500001 0.355659609375 0.011948529687499999 0.3554560265625 0.008272059375 0.356066775 0.0061274515625 0.355659609375 0.003063725 0.3312296421875 0.0036764703125 0.3271579796875 0.0018382359375 0.3267508140625 0 0.2856270359375 0
2 0.7066368078124999 0.1127450984375 0.70724755625 0.1109068625 0.7066368078124999 0.1084558828125 0.7066368078124999 0.1127450984375
2 0.71355863125 0.083946078125 0.710301303125 0.0857843140625 0.709690553125 0.08823529375 0.7129478828125 0.0916053921875 0.7157980453125 0.08823529375 0.71355863125 0.083946078125
2 0.6789495109375 0.011335784375000001 0.6795602609375 0.0094975484375 0.679356678125 0.0079656859375 0.6769136812500001 0.0079656859375 0.67630293125 0.009803921875 0.6754886 0.00704656875 0.675285015625 0.0079656859375 0.6732491859375 0.0079656859375 0.6720276875 0.00857843125 0.6779315953125 0.010416667187500001 0.6783387624999999 0.011335784375000001 0.6789495109375 0.011335784375000001
2 0.608509771875 0 0.608509771875 0.0021446078125 0.6072882734375 0.0045955875 0.6060667750000001 0.01164215625 0.605659609375 0.017769607812499998 0.605048859375 0.0180759796875 0.605048859375 0.020526960937499998 0.605659609375 0.0208333328125 0.605659609375 0.022977940625000002 0.6072882734375 0.026654412500000002 0.6078990234375 0.030330882812499998 0.6078990234375 0.04289215625 0.6038273609375 0.055147059374999995 0.6032166125 0.062806371875 0.602198696875 0.066789215625 0.602198696875 0.08118872499999999 0.60118078125 0.083946078125 0.6009771984375 0.0870098046875 0.5999592828125 0.0903799015625 0.5977198703125 0.09375 0.5971091203125 0.098039215625 0.5952768734375 0.10079656875000001 0.5936482078124999 0.1099877453125 0.5936482078124999 0.116727940625 0.59263029375 0.12009803906250001 0.594055375 0.1243872546875 0.5952768734375 0.12591911718749998 0.6026058625 0.129289215625 0.6093241046875 0.1302083328125 0.6129886 0.1344975484375 0.6170602609375 0.134803921875 0.619096090625 0.1354166671875 0.6203175890625 0.1369485296875 0.6225570031250001 0.1372549015625 0.62703583125 0.1344975484375 0.6315146578124999 0.1360294125 0.6339576546875 0.13878676406249998 0.6402687296875 0.140625 0.649226384375 0.1412377453125 0.651262215625 0.140318628125 0.654926709375 0.14215686249999998 0.65513029375 0.1412377453125 0.6587947875 0.140318628125 0.665309446875 0.1427696078125 0.6746742671875 0.1439950984375 0.6805781765625001 0.146446078125 0.6822068406249999 0.147977940625 0.6862785015624999 0.147977940625 0.6872964171875 0.146446078125 0.6897394140625 0.14613970625 0.6925895765625001 0.1439950984375 0.6936074921875 0.14215686249999998 0.6942182406249999 0.140625 0.6942182406249999 0.1341911765625 0.69869706875 0.127757353125 0.6989006515625 0.12316176406249998 0.701140065625 0.11948529375000001 0.70154723125 0.11488970624999999 0.7003257328125 0.109068628125 0.700529315625 0.1014093140625 0.6993078171875 0.0998774515625 0.69869706875 0.09528186250000001 0.6995114 0.094056371875 0.70154723125 0.09375 0.70500814375 0.0891544125 0.706026059375 0.0888480390625 0.7056188921875 0.0842524515625 0.7066368078124999 0.08210784374999999 0.7084690546875 0.0814950984375 0.7100977203125 0.077818628125 0.7125407171875 0.0762867640625 0.71701954375 0.0762867640625 0.7186482078124999 0.07291666718749999 0.721498371875 0.07107843124999999 0.71986970625 0.068321078125 0.71986970625 0.0670955875 0.7225162859375 0.0643382359375 0.7210912046875 0.0600490203125 0.7227198703125 0.0560661765625 0.724348534375 0.055147059374999995 0.727198696875 0.057598039062499995 0.730048859375 0.0560661765625 0.7326954390625 0.0560661765625 0.7357491859375 0.057598039062499995 0.736359934375 0.0603553921875 0.7379886 0.061274509374999994 0.7379886 0.0563725484375 0.7390065140625001 0.053615195312499996 0.7392100984375001 0.0493259796875 0.7414495109375 0.0474877453125 0.7414495109375 0.046568628125 0.7385993484375 0.0447303921875 0.7379886 0.0401348046875 0.7361563515625 0.038296568749999996 0.72976384375 0.037377451562500004 0.730048859375 0.035539215624999995 0.7333061890625 0.0321691171875 0.733509771875 0.0294117640625 0.7345276875 0.028186275 0.7345276875 0.025428921875 0.7310667750000001 0.02113970625 0.730659609375 0.0189950984375 0.7288273609375 0.0180759796875 0.7269951140625001 0.0150122546875 0.7259771984375 0.010416667187500001 0.724348534375 0.0079656859375 0.724348534375 0.003063725 0.723737784375 0.0018382359375 0.7225162859375 0.0015318625 0.7225162859375 0 0.7202768734375 0 0.71986970625 0.0045955875 0.717426709375 0.0064338234375 0.71355863125 0.0061274515625 0.71131921875 0.003063725 0.706840390625 0.0021446078125 0.7062296421875 0 0.6903501624999999 0 0.689332246875 0.0052083328125 0.6846498375000001 0.00704656875 0.683631921875 0.013786764062500002 0.6824104234374999 0.015318628125 0.6795602609375 0.015318628125 0.678745928125 0.013786764062500002 0.677320846875 0.0189950984375 0.6742671015624999 0.0223651953125 0.6789495109375 0.0245098046875 0.6811889250000001 0.020526960937499998 0.68322475625 0.02113970625 0.6844462546875001 0.02573529375 0.6828175890625 0.028186275 0.6805781765625001 0.029718137500000002 0.68546416875 0.032781862499999995 0.6872964171875 0.035539215624999995 0.6834283390625 0.0392156859375 0.68261400625 0.0431985296875 0.6805781765625001 0.04289215625 0.6805781765625001 0.039828431250000004 0.679356678125 0.037377451562500004 0.6736563515625 0.038296568749999996 0.6708061890625 0.04289215625 0.6697882734375 0.0431985296875 0.671009771875 0.046568628125 0.6697882734375 0.0474877453125 0.6685667750000001 0.0502450984375 0.6649022796875 0.0493259796875 0.6634771984375 0.0477941171875 0.6630700328125 0.039828431250000004 0.6622557 0.0376838234375 0.658387621875 0.035539215624999995 0.65451954375 0.031556371875 0.644951140625 0.030637254687499997 0.6431188921875 0.029105392187500002 0.64250814375 0.02726715625 0.6404723125 0.0260416671875 0.6402687296875 0.0220588234375 0.6412866453125 0.0189950984375 0.6370114 0.01960784375 0.6347719875 0.0171568625 0.6321254078125 0.00704656875 0.6280537453124999 0.002757353125 0.625 0.0021446078125 0.6227605859375 0.0036764703125 0.6199104234374999 0.0021446078125 0.6192996749999999 0 0.608509771875 0
2 0.5635179156250001 0 0.5633143328125 0.0018382359375 0.5590390875 0.0052083328125 0.5574104234374999 0.00857843125 0.5533387624999999 0.0079656859375 0.55130293125 0.0094975484375 0.5470276875 0.00857843125 0.5453990234375 0.0052083328125 0.5443811078125 0.0045955875 0.5390879484375 0.0052083328125 0.53868078125 0.0061274515625 0.5352198703125 0.00704656875 0.534812703125 0.008272059375 0.532573290625 0.0094975484375 0.520765471875 0.00857843125 0.5191368078124999 0.0079656859375 0.51750814375 0.0045955875 0.5160830625 0.004289215625 0.51404723125 0.0045955875 0.512214984375 0.0079656859375 0.5109934859374999 0.0079656859375 0.5107899015624999 0.00704656875 0.5052931593750001 0.00704656875 0.5028501624999999 0.0061274515625 0.5026465796874999 0.0052083328125 0.4993892515625 0.0052083328125 0.4991856671875 0.0061274515625 0.491856678125 0.00704656875 0.491245928125 0.0079656859375 0.4879886 0.0045955875 0.48452768749999997 0.0052083328125 0.4843241046875 0.0061274515625 0.4790309453125 0.0061274515625 0.47882736093749995 0.0052083328125 0.47271987031249996 0.0045955875 0.47088762187500005 0.0052083328125 0.47068403906249995 0.0061274515625 0.46681596093750005 0.00704656875 0.46498371406250005 0.0094975484375 0.459690553125 0.011948529687499999 0.45622964218749995 0.011948529687499999 0.4537866453125 0.010416667187500001 0.44808631875 0.010416667187500001 0.44584690625 0.0064338234375 0.44238599375 0.0064338234375 0.43953583125 0.002757353125 0.432206840625 0.003063725 0.43017100937499997 0.00704656875 0.42833876249999997 0.00857843125 0.428745928125 0.022977940625000002 0.4271172640625 0.037071078125000004 0.4271172640625 0.047181371875 0.4254886 0.055147059374999995 0.4254886 0.062806371875 0.4271172640625 0.0719975484375 0.42609934843749997 0.0744485296875 0.4254886 0.0802696078125 0.42487785 0.0805759796875 0.42487785 0.0873161765625 0.4254886 0.087928921875 0.4267100984375 0.0983455875 0.4289495109375 0.1017156859375 0.44258957656250003 0.1026348046875 0.44869706875000004 0.1041666671875 0.4576547234375 0.1041666671875 0.4623371328125 0.1056985296875 0.48249185624999996 0.1060049015625 0.491245928125 0.105085784375 0.494299675 0.1060049015625 0.511604234375 0.1060049015625 0.5148615640624999 0.10753676406249998 0.5173045609375 0.1099877453125 0.5187296421875 0.1127450984375 0.5209690546875 0.113664215625 0.5254478828125 0.11948529375000001 0.5274837140625 0.120710784375 0.5321661234375 0.1302083328125 0.5327768734375 0.1344975484375 0.536237784375 0.137867646875 0.5372557 0.137867646875 0.5447882734375 0.1369485296875 0.546620521875 0.1354166671875 0.5517100984375001 0.1338848046875 0.5578175890625 0.13357843125 0.5600570031250001 0.1329656859375 0.5602605859375 0.13204656875 0.5675895765625001 0.1311274515625 0.5679967421875001 0.1302083328125 0.58570846875 0.127757353125 0.590187296875 0.12377450937500001 0.5912052125 0.12009803906250001 0.5914087953125 0.112132353125 0.59201954375 0.11182597968750001 0.59486970625 0.0943627453125 0.596498371875 0.09068627500000001 0.599348534375 0.08823529375 0.60036645 0.07291666718749999 0.599348534375 0.066789215625 0.598737784375 0.06648284374999999 0.598737784375 0.0631127453125 0.599348534375 0.062806371875 0.5999592828125 0.0588235296875 0.6009771984375 0.056678921874999996 0.60118078125 0.0533088234375 0.6044381109375 0.0450367640625 0.6048452765625 0.037377451562500004 0.602198696875 0.01960784375 0.5997557 0.012867646875 0.5952768734375 0.0094975484375 0.591612378125 0.0094975484375 0.591001628125 0.008272059375 0.592426709375 0.0061274515625 0.59201954375 0.003063725 0.588762215625 0.002757353125 0.5875407171875 0.001225490625 0.5875407171875 0 0.569828990625 0 0.5694218234374999 0.0018382359375 0.5677931593750001 0.002757353125 0.5653501624999999 0.0018382359375 0.5651465796874999 0 0.5635179156250001 0
2 0.013029315625 0.5223651953124999 0.0142508140625 0.5238970593750001 0.0187296421875 0.5263480390625 0.0254478828125 0.5278799015625 0.0350162859375 0.5278799015625 0.0380700328125 0.5266544125 0.0482491859375 0.52573529375 0.04845276875 0.5248161765625 0.0539495109375 0.5238970593750001 0.054356678125 0.5229779406249999 0.058224756249999995 0.5223651953124999 0.060667753125 0.5205269609375 0.0657573296875 0.5189950984375 0.07552931562500001 0.512867646875 0.07675081406249999 0.5104166671875 0.0850977203125 0.504289215625 0.0936482078125 0.4954044125 0.09527687343749999 0.49509803906250005 0.097923453125 0.49264705937500003 0.09934853437499999 0.49264705937500003 0.0995521171875 0.49172794062499997 0.10219869687500001 0.4911151953125 0.10342019531249999 0.48927696093749995 0.10667752500000001 0.48774509843749997 0.1072882734375 0.4859068625 0.1093241046875 0.484375 0.11074918593750001 0.4797794125 0.11074918593750001 0.4696691171875 0.1095276875 0.4623161765625 0.108509771875 0.46139705937500003 0.1058631921875 0.4552696078125 0.1030130296875 0.452818628125 0.10036645 0.4522058828125 0.0981270359375 0.44944852968750004 0.090187296875 0.4454656859375 0.083265471875 0.4451593140625 0.07654723125 0.44301470624999995 0.071254071875 0.44454656875 0.05679967500000001 0.4454656859375 0.055171009375 0.44699754843750006 0.0492671015625 0.44883578437500005 0.03583061875 0.45680147031249996 0.0337947875 0.4598651953125 0.0327768734375 0.4598651953125 0.027076546875000003 0.469975490625 0.02605863125 0.469975490625 0.0254478828125 0.47242647031249996 0.022190553125 0.47732843125 0.0187296421875 0.4849877453125 0.01750814375 0.4911151953125 0.0142508140625 0.498774509375 0.01404723125 0.5018382359375 0.0114006515625 0.5094975484375001 0.010789901562499999 0.515625 0.0118078171875 0.5205269609375 0.0124185671875 0.5205269609375 0.013029315625 0.5223651953124999
2 0.741245928125 0.034007353125 0.7471498375000001 0.0401348046875 0.7471498375000001 0.0431985296875 0.748167753125 0.047181371875 0.748167753125 0.0502450984375 0.7471498375000001 0.053615195312499996 0.750407165625 0.0600490203125 0.7522394140625 0.0670955875 0.7532573296875 0.0747549015625 0.7534609125 0.0848651953125 0.754478828125 0.087928921875 0.754478828125 0.09068627500000001 0.7557003250000001 0.092524509375 0.75834690625 0.09375 0.7662866453125 0.0946691171875 0.776262215625 0.09068627500000001 0.783387621875 0.0903799015625 0.7874592828125 0.0888480390625 0.78868078125 0.0873161765625 0.7933631921875001 0.0873161765625 0.796009771875 0.0830269609375 0.7970276875 0.0802696078125 0.7972312703125 0.0735294125 0.7980456031250001 0.0704656859375 0.7986563515625 0.053615195312499996 0.7982491859375 0.049632353125 0.7992671015624999 0.040747548437499996 0.799470684375 0.0294117640625 0.800285015625 0.026348039062500002 0.7992671015624999 0.0162377453125 0.7980456031250001 0.010416667187500001 0.7970276875 0.008884804687500001 0.796009771875 0.008884804687500001 0.7933631921875001 0.013786764062500002 0.7901058625 0.011948529687499999 0.78298045625 0.013786764062500002 0.7475570031250001 0.012867646875 0.7408387624999999 0.013786764062500002 0.73737785 0.0180759796875 0.736970684375 0.0189950984375 0.7385993484375 0.02573529375 0.7385993484375 0.0287990203125 0.741245928125 0.034007353125
2 0.71355863125 0.129289215625 0.715187296875 0.1311274515625 0.718037459375 0.13204656875 0.721498371875 0.13204656875 0.7225162859375 0.1311274515625 0.724348534375 0.13357843125 0.7310667750000001 0.13357843125 0.7347312703125 0.1314338234375 0.7404315953125 0.1311274515625 0.7471498375000001 0.13357843125 0.758754071875 0.13357843125 0.7605863187499999 0.1344975484375 0.767915309375 0.1338848046875 0.77035830625 0.1354166671875 0.772190553125 0.1354166671875 0.77666938125 0.14368872500000002 0.77605863125 0.1455269609375 0.77605863125 0.1495098046875 0.777687296875 0.15226715625 0.777687296875 0.15441176406249998 0.7793159609375 0.15778186249999998 0.77951954375 0.1651348046875 0.780537459375 0.16482843125 0.779926709375 0.1608455875 0.783387621875 0.160539215625 0.7860342015625 0.15808823593750002 0.78868078125 0.1599264703125 0.7894951140625001 0.16482843125 0.7901058625 0.1651348046875 0.7919381109375 0.1642156859375 0.79214169375 0.16329656875 0.7976384359375001 0.1614583328125 0.79987785 0.159007353125 0.8057817593750001 0.157475490625 0.806799675 0.1614583328125 0.807206840625 0.160539215625 0.8078684859375 0.1614583328125 0.8110749187499999 0.1614583328125 0.812907165625 0.16482843125 0.8151465796874999 0.1666666671875 0.8179967421875001 0.167585784375 0.8210504890625 0.16482843125 0.8228827359374999 0.1651348046875 0.8259364828125 0.1666666671875 0.8287866453125 0.17003676406249998 0.8320439734375 0.171875 0.83285830625 0.17340686249999998 0.83570846875 0.1740196078125 0.8440553749999999 0.17340686249999998 0.8442589578125 0.1724877453125 0.8497557 0.17340686249999998 0.8499592828125 0.1724877453125 0.8515879484375001 0.1724877453125 0.8560667750000001 0.17003676406249998 0.859120521875 0.166053921875 0.861359934375 0.16482843125 0.861970684375 0.16329656875 0.8658387624999999 0.1623774515625 0.8662459281249999 0.1614583328125 0.869706840625 0.1614583328125 0.872557003125 0.15808823593750002 0.8729641687499999 0.151960784375 0.8766286640625 0.15379902031249998 0.8800895765625001 0.15318627499999998 0.8817182406249999 0.15073529375 0.8800895765625001 0.14767156875 0.8817182406249999 0.1439950984375 0.8835504890625 0.1455269609375 0.8849755703125 0.1439950984375 0.8841612375000001 0.140318628125 0.8861970687499999 0.13878676406249998 0.8868078171875 0.1369485296875 0.890065146875 0.1369485296875 0.892915309375 0.13357843125 0.893526059375 0.1302083328125 0.8931188921875 0.12316176406249998 0.8947475562499999 0.12009803906250001 0.89535830625 0.1161151953125 0.894951140625 0.11121323593750002 0.8975977203125 0.10232843124999999 0.8969869703125 0.0983455875 0.8941368078125 0.0955882359375 0.869706840625 0.094975490625 0.8674674265625001 0.0983455875 0.8629886000000001 0.10079656875000001 0.8568811078125 0.10079656875000001 0.8532166125 0.09926470625 0.84894136875 0.09895833281250001 0.84548045625 0.09681372499999999 0.8306188921875 0.096507353125 0.827565146875 0.0974264703125 0.8273615640624999 0.0983455875 0.8243078171875 0.0983455875 0.8239006515625 0.0974264703125 0.8208469062500001 0.096507353125 0.8153501625 0.096507353125 0.8151465796874999 0.0955882359375 0.79987785 0.094056371875 0.7982491859375 0.0916053921875 0.7943811078125 0.09068627500000001 0.794177525 0.08976715625000001 0.7872557 0.08976715625000001 0.7870521171875 0.09068627500000001 0.783387621875 0.09068627500000001 0.778501628125 0.0931372546875 0.7748371328125 0.0931372546875 0.7689332249999999 0.094975490625 0.7618078171875 0.094975490625 0.7595684046875 0.0955882359375 0.7591612375000001 0.096507353125 0.7522394140625 0.0974264703125 0.75203583125 0.0983455875 0.7483713359374999 0.0983455875 0.74165309375 0.10079656875000001 0.7210912046875 0.1017156859375 0.7164087953125 0.1056985296875 0.7164087953125 0.1109068625 0.71701954375 0.1130514703125 0.7129478828125 0.11856617656249999 0.71355863125 0.129289215625
2 0.5834690546875 0.0600490203125 0.5816368078124999 0.0579044125 0.580415309375 0.05851715625 0.57939739375 0.0609681375 0.5812296421875 0.063725490625 0.58285830625 0.062806371875 0.5834690546875 0.0600490203125
2 0.5816368078124999 0.051776960937500005 0.5806188921875 0.052696078125000004 0.580415309375 0.054227940625000005 0.5812296421875 0.055759804687500004 0.58285830625 0.054227940625000005 0.5816368078124999 0.051776960937500005
2 0.59201954375 0.061887254687500004 0.5932410421875 0.0533088234375 0.59201954375 0.0505514703125 0.592426709375 0.0459558828125 0.5914087953125 0.046568628125 0.5912052125 0.0444240203125 0.59263029375 0.0431985296875 0.59201954375 0.040747548437499996 0.5907980453125 0.0422794125 0.5918159609375 0.0502450984375 0.590187296875 0.052696078125000004 0.590187296875 0.0609681375 0.59201954375 0.061887254687500004
2 0.57084690625 0 0.569828990625 0.002757353125 0.5679967421875001 0.003063725 0.5659609125 0.0052083328125 0.5657573296875 0.0094975484375 0.5641286640625001 0.011948529687499999 0.560667753125 0.010416667187500001 0.5504886 0.0110294125 0.5472312703125 0.00857843125 0.546620521875 0.00704656875 0.53644136875 0.00704656875 0.5350162859375 0.00857843125 0.526262215625 0.008884804687500001 0.5219869703125 0.00857843125 0.5191368078124999 0.0052083328125 0.5118078171875 0.0079656859375 0.5114006515625 0.00704656875 0.5085504890625 0.0064338234375 0.4965390875 0.0061274515625 0.49511400625 0.00704656875 0.4906351796875 0.00704656875 0.48473127031249996 0.0061274515625 0.48452768749999997 0.0052083328125 0.4837133546875 0.0061274515625 0.4794381109375 0.0061274515625 0.47719869687500005 0.0045955875 0.471498371875 0.0045955875 0.46640879531249996 0.00704656875 0.46355863125 0.0110294125 0.46254071718749995 0.0110294125 0.46070846875000004 0.013174020312500001 0.459690553125 0.015318628125 0.45622964218749995 0.0162377453125 0.45521172656250003 0.015625 0.453379478125 0.011948529687499999 0.44849348593749994 0.011948529687499999 0.444218240625 0.009803921875 0.4391286640625 0.008884804687500001 0.4346498375 0.011948529687499999 0.4340390875 0.014399509375 0.432206840625 0.014705882812500001 0.428745928125 0.0180759796875 0.428745928125 0.03125 0.4281351796875 0.03676470625 0.427320846875 0.038296568749999996 0.4267100984375 0.046568628125 0.4267100984375 0.0545343140625 0.425895765625 0.05851715625 0.42609934843749997 0.065257353125 0.42833876249999997 0.0701593140625 0.4346498375 0.07291666718749999 0.45154723125 0.0744485296875 0.45907980468750004 0.077818628125 0.46315146562500004 0.076899509375 0.46803745937499996 0.076899509375 0.47027687343749996 0.077818628125 0.479234528125 0.076899509375 0.494706840625 0.0790441171875 0.495521171875 0.077818628125 0.498167753125 0.076899509375 0.51974755625 0.076899509375 0.5264657984375 0.0762867640625 0.5289087953125 0.0747549015625 0.5331840390625 0.0747549015625 0.53644136875 0.0762867640625 0.5435667750000001 0.0762867640625 0.546009771875 0.0744485296875 0.5472312703125 0.072303921875 0.5504886 0.0704656859375 0.5651465796874999 0.07107843124999999 0.5714576546875 0.06954656875000001 0.57369706875 0.06770833281250001 0.5767508140625 0.0609681375 0.5759364828125 0.0505514703125 0.5771579796874999 0.046875 0.5777687296875 0.0333946078125 0.57654723125 0.030330882812499998 0.57654723125 0.026960784375 0.580415309375 0.026348039062500002 0.5816368078124999 0.02726715625 0.582451140625 0.026348039062500002 0.58224755625 0.0220588234375 0.5842833875 0.0180759796875 0.58631921875 0.017769607812499998 0.5875407171875 0.0162377453125 0.58855863125 0.011948529687499999 0.5875407171875 0.011948529687499999 0.58631921875 0.009803921875 0.586726384375 0.0052083328125 0.584690553125 0.001225490625 0.5850977203125 0 0.5842833875 0.0018382359375 0.5820439734375 0.002757353125 0.5806188921875 0.0021446078125 0.58000814375 0 0.57084690625 0
2 0.9686482078124999 0.4420955875 0.9629478828125 0.4420955875 0.96355863125 0.4485294125 0.96701954375 0.4485294125 0.9686482078124999 0.4420955875
2 0.9698697062500001 0.5122549015625 0.9690553749999999 0.5189950984375 0.9686482078124999 0.5291053921875 0.9664087953125 0.5373774515624999 0.965187296875 0.5450367640625 0.96416938125 0.546875 0.9645765468749999 0.55238970625 0.9692589578125 0.55851715625 0.9698697062500001 0.5609681375 0.974348534375 0.565257353125 0.9826954390625 0.5686274515624999 0.9857491859374999 0.5689338234375 0.986970684375 0.5701593140625 0.9906351796875 0.57107843125 0.9908387624999999 0.5719975484375001 0.9997964171874999 0.5729166671875 0.9997964171874999 0.4209558828125 0.9983713359375 0.4209558828125 0.997557003125 0.41881127500000004 0.9977605859375 0.41482843125 0.9983713359375 0.4139093140625 0.9997964171874999 0.4139093140625 0.9997964171874999 0.3446691171875 0.998167753125 0.3446691171875 0.998167753125 0.35232843125 0.997557003125 0.35539215625 0.994299675 0.3609068625 0.9930781765625 0.366727940625 0.991856678125 0.3799019609375 0.9906351796875 0.3854166671875 0.9898208468749999 0.386335784375 0.9896172640625001 0.39368872499999996 0.9879886000000001 0.3998161765625 0.9879886000000001 0.4041053921875 0.9867671015624999 0.4068627453125 0.9855456031250001 0.416053921875 0.9839169375000001 0.4212622546875 0.9839169375000001 0.42493872499999996 0.9822882734375 0.4310661765625 0.9810667750000001 0.4466911765625 0.9806596093750001 0.44914215625000004 0.980048859375 0.44944852968750004 0.9788273609375 0.46017156875 0.9771986968749999 0.46568627500000004 0.9747557 0.484068628125 0.9721091203125001 0.4911151953125 0.9721091203125001 0.494178921875 0.971498371875 0.49448529375000005 0.9721091203125001 0.498774509375 0.971498371875 0.4993872546875 0.970887621875 0.509803921875 0.9698697062500001 0.5122549015625